tabla,registro,campo1,campo2,campo3,campo4,campo5,campo6,campo7,campo8,campo9,campo10,campo11,campo12,campo13
ROLES,1,""ID"":1,""NAME"":""ADMIN"",""IS_ACTIVE"":""ACTIVE""
ROLES,2,""ID"":2,""NAME"":""CLIENTE_EMPRESA"",""IS_ACTIVE"":""ACTIVE""
ROLES,3,""ID"":3,""NAME"":""DESPACHO"",""IS_ACTIVE"":""ACTIVE""
ROLES,4,""ID"":4,""NAME"":""MENSAJERO"",""IS_ACTIVE"":""ACTIVE""
ROLES,5,""ID"":5,""NAME"":""FACTURACION"",""IS_ACTIVE"":""ACTIVE""
ROLES,6,""ID"":6,""NAME"":""OPERADOR"",""IS_ACTIVE"":""ACTIVE""
USERS,1,""ID"":1,""USERNAME"":""admin"",""EMAIL"":""admin@enlaceexpress.com"",""PASSWORD"":""Password123"",""IS_ACTIVE"":""ACTIVE""
USERS,2,""ID"":2,""USERNAME"":""cliente01"",""EMAIL"":""cliente01@enlaceexpress.com"",""PASSWORD"":""Password123"",""IS_ACTIVE"":""ACTIVE""
USERS,3,""ID"":3,""USERNAME"":""cliente02"",""EMAIL"":""cliente02@enlaceexpress.com"",""PASSWORD"":""Password123"",""IS_ACTIVE"":""ACTIVE""
USERS,4,""ID"":4,""USERNAME"":""despacho01"",""EMAIL"":""despacho01@enlaceexpress.com"",""PASSWORD"":""Password123"",""IS_ACTIVE"":""ACTIVE""
USERS,5,""ID"":5,""USERNAME"":""despacho02"",""EMAIL"":""despacho02@enlaceexpress.com"",""PASSWORD"":""Password123"",""IS_ACTIVE"":""ACTIVE""
USERS,6,""ID"":6,""USERNAME"":""mensajero01"",""EMAIL"":""mensajero01@enlaceexpress.com"",""PASSWORD"":""Password123"",""IS_ACTIVE"":""ACTIVE""
USERS,7,""ID"":7,""USERNAME"":""mensajero02"",""EMAIL"":""mensajero02@enlaceexpress.com"",""PASSWORD"":""Password123"",""IS_ACTIVE"":""ACTIVE""
USERS,8,""ID"":8,""USERNAME"":""facturacion01"",""EMAIL"":""facturacion01@enlaceexpress.com"",""PASSWORD"":""Password123"",""IS_ACTIVE"":""ACTIVE""
USERS,9,""ID"":9,""USERNAME"":""operador01"",""EMAIL"":""operador01@enlaceexpress.com"",""PASSWORD"":""Password123"",""IS_ACTIVE"":""ACTIVE""
USERS,10,""ID"":10,""USERNAME"":""operador02"",""EMAIL"":""operador02@enlaceexpress.com"",""PASSWORD"":""Password123"",""IS_ACTIVE"":""ACTIVE""
USERS,11,""ID"":11,""USERNAME"":""usuario11"",""EMAIL"":""usuario11@enlaceexpress.com"",""PASSWORD"":""Password123"",""IS_ACTIVE"":""ACTIVE""
USERS,12,""ID"":12,""USERNAME"":""usuario12"",""EMAIL"":""usuario12@enlaceexpress.com"",""PASSWORD"":""Password123"",""IS_ACTIVE"":""ACTIVE""
USERS,13,""ID"":13,""USERNAME"":""usuario13"",""EMAIL"":""usuario13@enlaceexpress.com"",""PASSWORD"":""Password123"",""IS_ACTIVE"":""ACTIVE""
USERS,14,""ID"":14,""USERNAME"":""usuario14"",""EMAIL"":""usuario14@enlaceexpress.com"",""PASSWORD"":""Password123"",""IS_ACTIVE"":""ACTIVE""
USERS,15,""ID"":15,""USERNAME"":""usuario15"",""EMAIL"":""usuario15@enlaceexpress.com"",""PASSWORD"":""Password123"",""IS_ACTIVE"":""ACTIVE""
USERS,16,""ID"":16,""USERNAME"":""usuario16"",""EMAIL"":""usuario16@enlaceexpress.com"",""PASSWORD"":""Password123"",""IS_ACTIVE"":""ACTIVE""
USERS,17,""ID"":17,""USERNAME"":""usuario17"",""EMAIL"":""usuario17@enlaceexpress.com"",""PASSWORD"":""Password123"",""IS_ACTIVE"":""ACTIVE""
USERS,18,""ID"":18,""USERNAME"":""usuario18"",""EMAIL"":""usuario18@enlaceexpress.com"",""PASSWORD"":""Password123"",""IS_ACTIVE"":""ACTIVE""
USERS,19,""ID"":19,""USERNAME"":""usuario19"",""EMAIL"":""usuario19@enlaceexpress.com"",""PASSWORD"":""Password123"",""IS_ACTIVE"":""ACTIVE""
USERS,20,""ID"":20,""USERNAME"":""usuario20"",""EMAIL"":""usuario20@enlaceexpress.com"",""PASSWORD"":""Password123"",""IS_ACTIVE"":""ACTIVE""
ROLE_USERS,1,""ID"":1,""ROLE_ID"":1,""USER_ID"":1,""IS_ACTIVE"":""ACTIVE""
ROLE_USERS,2,""ID"":2,""ROLE_ID"":2,""USER_ID"":2,""IS_ACTIVE"":""ACTIVE""
ROLE_USERS,3,""ID"":3,""ROLE_ID"":2,""USER_ID"":3,""IS_ACTIVE"":""ACTIVE""
ROLE_USERS,4,""ID"":4,""ROLE_ID"":3,""USER_ID"":4,""IS_ACTIVE"":""ACTIVE""
ROLE_USERS,5,""ID"":5,""ROLE_ID"":3,""USER_ID"":5,""IS_ACTIVE"":""ACTIVE""
ROLE_USERS,6,""ID"":6,""ROLE_ID"":4,""USER_ID"":6,""IS_ACTIVE"":""ACTIVE""
ROLE_USERS,7,""ID"":7,""ROLE_ID"":4,""USER_ID"":7,""IS_ACTIVE"":""ACTIVE""
ROLE_USERS,8,""ID"":8,""ROLE_ID"":5,""USER_ID"":8,""IS_ACTIVE"":""ACTIVE""
ROLE_USERS,9,""ID"":9,""ROLE_ID"":6,""USER_ID"":9,""IS_ACTIVE"":""ACTIVE""
ROLE_USERS,10,""ID"":10,""ROLE_ID"":6,""USER_ID"":10,""IS_ACTIVE"":""ACTIVE""
ROLE_USERS,11,""ID"":11,""ROLE_ID"":6,""USER_ID"":11,""IS_ACTIVE"":""ACTIVE""
ROLE_USERS,12,""ID"":12,""ROLE_ID"":2,""USER_ID"":12,""IS_ACTIVE"":""ACTIVE""
ROLE_USERS,13,""ID"":13,""ROLE_ID"":2,""USER_ID"":13,""IS_ACTIVE"":""ACTIVE""
ROLE_USERS,14,""ID"":14,""ROLE_ID"":3,""USER_ID"":14,""IS_ACTIVE"":""ACTIVE""
ROLE_USERS,15,""ID"":15,""ROLE_ID"":4,""USER_ID"":15,""IS_ACTIVE"":""ACTIVE""
ROLE_USERS,16,""ID"":16,""ROLE_ID"":5,""USER_ID"":16,""IS_ACTIVE"":""ACTIVE""
ROLE_USERS,17,""ID"":17,""ROLE_ID"":6,""USER_ID"":17,""IS_ACTIVE"":""ACTIVE""
ROLE_USERS,18,""ID"":18,""ROLE_ID"":2,""USER_ID"":18,""IS_ACTIVE"":""ACTIVE""
ROLE_USERS,19,""ID"":19,""ROLE_ID"":3,""USER_ID"":19,""IS_ACTIVE"":""ACTIVE""
ROLE_USERS,20,""ID"":20,""ROLE_ID"":4,""USER_ID"":20,""IS_ACTIVE"":""ACTIVE""
RESOURCES,1,""ID"":1,""PATH"":""/api/auth/login"",""METHOD"":""POST"",""IS_ACTIVE"":""ACTIVE""
RESOURCES,2,""ID"":2,""PATH"":""/api/auth/register"",""METHOD"":""POST"",""IS_ACTIVE"":""ACTIVE""
RESOURCES,3,""ID"":3,""PATH"":""/api/users"",""METHOD"":""GET"",""IS_ACTIVE"":""ACTIVE""
RESOURCES,4,""ID"":4,""PATH"":""/api/users"",""METHOD"":""POST"",""IS_ACTIVE"":""ACTIVE""
RESOURCES,5,""ID"":5,""PATH"":""/api/empresas"",""METHOD"":""GET"",""IS_ACTIVE"":""ACTIVE""
RESOURCES,6,""ID"":6,""PATH"":""/api/empresas"",""METHOD"":""POST"",""IS_ACTIVE"":""ACTIVE""
RESOURCES,7,""ID"":7,""PATH"":""/api/envios"",""METHOD"":""GET"",""IS_ACTIVE"":""ACTIVE""
RESOURCES,8,""ID"":8,""PATH"":""/api/envios"",""METHOD"":""POST"",""IS_ACTIVE"":""ACTIVE""
RESOURCES,9,""ID"":9,""PATH"":""/api/envios/{id",""METHOD"":""GET"",""IS_ACTIVE"":""ACTIVE""
RESOURCES,10,""ID"":10,""PATH"":""/api/envios/{id",""METHOD"":""PUT"",""IS_ACTIVE"":""ACTIVE""
RESOURCES,11,""ID"":11,""PATH"":""/api/tracking"",""METHOD"":""GET"",""IS_ACTIVE"":""ACTIVE""
RESOURCES,12,""ID"":12,""PATH"":""/api/tracking"",""METHOD"":""POST"",""IS_ACTIVE"":""ACTIVE""
RESOURCES,13,""ID"":13,""PATH"":""/api/facturas"",""METHOD"":""GET"",""IS_ACTIVE"":""ACTIVE""
RESOURCES,14,""ID"":14,""PATH"":""/api/facturas"",""METHOD"":""POST"",""IS_ACTIVE"":""ACTIVE""
RESOURCES,15,""ID"":15,""PATH"":""/api/mensajeros"",""METHOD"":""GET"",""IS_ACTIVE"":""ACTIVE""
RESOURCES,16,""ID"":16,""PATH"":""/api/rutas"",""METHOD"":""GET"",""IS_ACTIVE"":""ACTIVE""
RESOURCES,17,""ID"":17,""PATH"":""/api/tarifas"",""METHOD"":""GET"",""IS_ACTIVE"":""ACTIVE""
RESOURCES,18,""ID"":18,""PATH"":""/api/reportes"",""METHOD"":""GET"",""IS_ACTIVE"":""ACTIVE""
RESOURCES,19,""ID"":19,""PATH"":""/api/auditoria"",""METHOD"":""GET"",""IS_ACTIVE"":""ACTIVE""
RESOURCES,20,""ID"":20,""PATH"":""/api/admin"",""METHOD"":""GET"",""IS_ACTIVE"":""ACTIVE""
RESOURCE_ROLES,1,""ID"":1,""RESOURCE_ID"":1,""ROLE_ID"":1,""IS_ACTIVE"":""ACTIVE""
RESOURCE_ROLES,2,""ID"":2,""RESOURCE_ID"":2,""ROLE_ID"":1,""IS_ACTIVE"":""ACTIVE""
RESOURCE_ROLES,3,""ID"":3,""RESOURCE_ID"":3,""ROLE_ID"":1,""IS_ACTIVE"":""ACTIVE""
RESOURCE_ROLES,4,""ID"":4,""RESOURCE_ID"":4,""ROLE_ID"":1,""IS_ACTIVE"":""ACTIVE""
RESOURCE_ROLES,5,""ID"":5,""RESOURCE_ID"":5,""ROLE_ID"":2,""IS_ACTIVE"":""ACTIVE""
RESOURCE_ROLES,6,""ID"":6,""RESOURCE_ID"":6,""ROLE_ID"":1,""IS_ACTIVE"":""ACTIVE""
RESOURCE_ROLES,7,""ID"":7,""RESOURCE_ID"":7,""ROLE_ID"":2,""IS_ACTIVE"":""ACTIVE""
RESOURCE_ROLES,8,""ID"":8,""RESOURCE_ID"":8,""ROLE_ID"":2,""IS_ACTIVE"":""ACTIVE""
RESOURCE_ROLES,9,""ID"":9,""RESOURCE_ID"":9,""ROLE_ID"":2,""IS_ACTIVE"":""ACTIVE""
RESOURCE_ROLES,10,""ID"":10,""RESOURCE_ID"":10,""ROLE_ID"":3,""IS_ACTIVE"":""ACTIVE""
RESOURCE_ROLES,11,""ID"":11,""RESOURCE_ID"":11,""ROLE_ID"":4,""IS_ACTIVE"":""ACTIVE""
RESOURCE_ROLES,12,""ID"":12,""RESOURCE_ID"":12,""ROLE_ID"":4,""IS_ACTIVE"":""ACTIVE""
RESOURCE_ROLES,13,""ID"":13,""RESOURCE_ID"":13,""ROLE_ID"":5,""IS_ACTIVE"":""ACTIVE""
RESOURCE_ROLES,14,""ID"":14,""RESOURCE_ID"":14,""ROLE_ID"":5,""IS_ACTIVE"":""ACTIVE""
RESOURCE_ROLES,15,""ID"":15,""RESOURCE_ID"":15,""ROLE_ID"":4,""IS_ACTIVE"":""ACTIVE""
RESOURCE_ROLES,16,""ID"":16,""RESOURCE_ID"":16,""ROLE_ID"":3,""IS_ACTIVE"":""ACTIVE""
RESOURCE_ROLES,17,""ID"":17,""RESOURCE_ID"":17,""ROLE_ID"":3,""IS_ACTIVE"":""ACTIVE""
RESOURCE_ROLES,18,""ID"":18,""RESOURCE_ID"":18,""ROLE_ID"":1,""IS_ACTIVE"":""ACTIVE""
RESOURCE_ROLES,19,""ID"":19,""RESOURCE_ID"":19,""ROLE_ID"":1,""IS_ACTIVE"":""ACTIVE""
RESOURCE_ROLES,20,""ID"":20,""RESOURCE_ID"":20,""ROLE_ID"":1,""IS_ACTIVE"":""ACTIVE""
EMPRESAS,1,""ID"":1,""NIT"":""900100001-1"",""RAZON_SOCIAL"":""Comercial Caribe S.A.S."",""CONTACTO_PRINCIPAL"":""Carlos Mendoza"",""IS_ACTIVE"":""ACTIVE""
EMPRESAS,2,""ID"":2,""NIT"":""900100002-2"",""RAZON_SOCIAL"":""Distribuciones del Norte S.A.S."",""CONTACTO_PRINCIPAL"":""Laura Gómez"",""IS_ACTIVE"":""ACTIVE""
EMPRESAS,3,""ID"":3,""NIT"":""900100003-3"",""RAZON_SOCIAL"":""Comercial Guajira S.A.S."",""CONTACTO_PRINCIPAL"":""Andrés Pérez"",""IS_ACTIVE"":""ACTIVE""
EMPRESAS,4,""ID"":4,""NIT"":""900100004-4"",""RAZON_SOCIAL"":""Servicios Logísticos S.A.S."",""CONTACTO_PRINCIPAL"":""María Rodríguez"",""IS_ACTIVE"":""ACTIVE""
EMPRESAS,5,""ID"":5,""NIT"":""900100005-5"",""RAZON_SOCIAL"":""Inversiones Caribe S.A.S."",""CONTACTO_PRINCIPAL"":""Jorge Díaz"",""IS_ACTIVE"":""ACTIVE""
EMPRESAS,6,""ID"":6,""NIT"":""900100006-6"",""RAZON_SOCIAL"":""Comercial del Valle S.A.S."",""CONTACTO_PRINCIPAL"":""Ana Martínez"",""IS_ACTIVE"":""ACTIVE""
EMPRESAS,7,""ID"":7,""NIT"":""900100007-7"",""RAZON_SOCIAL"":""Transportes Regionales S.A.S."",""CONTACTO_PRINCIPAL"":""Pedro López"",""IS_ACTIVE"":""ACTIVE""
EMPRESAS,8,""ID"":8,""NIT"":""900100008-8"",""RAZON_SOCIAL"":""Tecnología del Caribe S.A.S."",""CONTACTO_PRINCIPAL"":""Sofía Torres"",""IS_ACTIVE"":""ACTIVE""
EMPRESAS,9,""ID"":9,""NIT"":""900100009-9"",""RAZON_SOCIAL"":""Comercial La Guajira S.A.S."",""CONTACTO_PRINCIPAL"":""Daniel Castro"",""IS_ACTIVE"":""ACTIVE""
EMPRESAS,10,""ID"":10,""NIT"":""900100010-0"",""RAZON_SOCIAL"":""Alimentos del Norte S.A.S."",""CONTACTO_PRINCIPAL"":""Camila Rojas"",""IS_ACTIVE"":""ACTIVE""
EMPRESAS,11,""ID"":11,""NIT"":""900100011-1"",""RAZON_SOCIAL"":""Soluciones Empresariales S.A.S."",""CONTACTO_PRINCIPAL"":""Felipe Vargas"",""IS_ACTIVE"":""ACTIVE""
EMPRESAS,12,""ID"":12,""NIT"":""900100012-2"",""RAZON_SOCIAL"":""Comercial Riohacha S.A.S."",""CONTACTO_PRINCIPAL"":""Valentina Ruiz"",""IS_ACTIVE"":""ACTIVE""
EMPRESAS,13,""ID"":13,""NIT"":""900100013-3"",""RAZON_SOCIAL"":""Servicios del Caribe S.A.S."",""CONTACTO_PRINCIPAL"":""Miguel Herrera"",""IS_ACTIVE"":""ACTIVE""
EMPRESAS,14,""ID"":14,""NIT"":""900100014-4"",""RAZON_SOCIAL"":""Distribuciones Guajira S.A.S."",""CONTACTO_PRINCIPAL"":""Natalia Silva"",""IS_ACTIVE"":""ACTIVE""
EMPRESAS,15,""ID"":15,""NIT"":""900100015-5"",""RAZON_SOCIAL"":""Comercial Atlántico S.A.S."",""CONTACTO_PRINCIPAL"":""Ricardo Moreno"",""IS_ACTIVE"":""ACTIVE""
EMPRESAS,16,""ID"":16,""NIT"":""900100016-6"",""RAZON_SOCIAL"":""Logística Nacional S.A.S."",""CONTACTO_PRINCIPAL"":""Paola Jiménez"",""IS_ACTIVE"":""ACTIVE""
EMPRESAS,17,""ID"":17,""NIT"":""900100017-7"",""RAZON_SOCIAL"":""Productos del Caribe S.A.S."",""CONTACTO_PRINCIPAL"":""Sebastián Peña"",""IS_ACTIVE"":""ACTIVE""
EMPRESAS,18,""ID"":18,""NIT"":""900100018-8"",""RAZON_SOCIAL"":""Comercial Santa Marta S.A.S."",""CONTACTO_PRINCIPAL"":""Diana Acosta"",""IS_ACTIVE"":""ACTIVE""
EMPRESAS,19,""ID"":19,""NIT"":""900100019-9"",""RAZON_SOCIAL"":""Servicios del Magdalena S.A.S."",""CONTACTO_PRINCIPAL"":""Luis Navarro"",""IS_ACTIVE"":""ACTIVE""
EMPRESAS,20,""ID"":20,""NIT"":""900100020-0"",""RAZON_SOCIAL"":""Empresa Caribeña S.A.S."",""CONTACTO_PRINCIPAL"":""Gabriela Molina"",""IS_ACTIVE"":""INACTIVE""
CONTACTOS,1,""ID"":1,""EMPRESA_ID"":1,""NOMBRE"":""Carlos Mendoza"",""DESCRIPCION"":""Contacto principal de Comercial Caribe"",""IS_ACTIVE"":""ACTIVE""
CONTACTOS,2,""ID"":2,""EMPRESA_ID"":2,""NOMBRE"":""Laura Gómez"",""DESCRIPCION"":""Contacto principal de Distribuciones del Norte"",""IS_ACTIVE"":""ACTIVE""
CONTACTOS,3,""ID"":3,""EMPRESA_ID"":3,""NOMBRE"":""Andrés Pérez"",""DESCRIPCION"":""Contacto principal de Comercial Guajira"",""IS_ACTIVE"":""ACTIVE""
CONTACTOS,4,""ID"":4,""EMPRESA_ID"":4,""NOMBRE"":""María Rodríguez"",""DESCRIPCION"":""Contacto principal de Servicios Logísticos"",""IS_ACTIVE"":""ACTIVE""
CONTACTOS,5,""ID"":5,""EMPRESA_ID"":5,""NOMBRE"":""Jorge Díaz"",""DESCRIPCION"":""Contacto principal de Inversiones Caribe"",""IS_ACTIVE"":""ACTIVE""
CONTACTOS,6,""ID"":6,""EMPRESA_ID"":6,""NOMBRE"":""Ana Martínez"",""DESCRIPCION"":""Contacto principal de Comercial del Valle"",""IS_ACTIVE"":""ACTIVE""
CONTACTOS,7,""ID"":7,""EMPRESA_ID"":7,""NOMBRE"":""Pedro López"",""DESCRIPCION"":""Contacto principal de Transportes Regionales"",""IS_ACTIVE"":""ACTIVE""
CONTACTOS,8,""ID"":8,""EMPRESA_ID"":8,""NOMBRE"":""Sofía Torres"",""DESCRIPCION"":""Contacto principal de Tecnología del Caribe"",""IS_ACTIVE"":""ACTIVE""
CONTACTOS,9,""ID"":9,""EMPRESA_ID"":9,""NOMBRE"":""Daniel Castro"",""DESCRIPCION"":""Contacto principal de Comercial La Guajira"",""IS_ACTIVE"":""ACTIVE""
CONTACTOS,10,""ID"":10,""EMPRESA_ID"":10,""NOMBRE"":""Camila Rojas"",""DESCRIPCION"":""Contacto principal de Alimentos del Norte"",""IS_ACTIVE"":""ACTIVE""
CONTACTOS,11,""ID"":11,""EMPRESA_ID"":11,""NOMBRE"":""Felipe Vargas"",""DESCRIPCION"":""Contacto principal de Soluciones Empresariales"",""IS_ACTIVE"":""ACTIVE""
CONTACTOS,12,""ID"":12,""EMPRESA_ID"":12,""NOMBRE"":""Valentina Ruiz"",""DESCRIPCION"":""Contacto principal de Comercial Riohacha"",""IS_ACTIVE"":""ACTIVE""
CONTACTOS,13,""ID"":13,""EMPRESA_ID"":13,""NOMBRE"":""Miguel Herrera"",""DESCRIPCION"":""Contacto principal de Servicios del Caribe"",""IS_ACTIVE"":""ACTIVE""
CONTACTOS,14,""ID"":14,""EMPRESA_ID"":14,""NOMBRE"":""Natalia Silva"",""DESCRIPCION"":""Contacto principal de Distribuciones Guajira"",""IS_ACTIVE"":""ACTIVE""
CONTACTOS,15,""ID"":15,""EMPRESA_ID"":15,""NOMBRE"":""Ricardo Moreno"",""DESCRIPCION"":""Contacto principal de Comercial Atlántico"",""IS_ACTIVE"":""ACTIVE""
CONTACTOS,16,""ID"":16,""EMPRESA_ID"":16,""NOMBRE"":""Paola Jiménez"",""DESCRIPCION"":""Contacto principal de Logística Nacional"",""IS_ACTIVE"":""ACTIVE""
CONTACTOS,17,""ID"":17,""EMPRESA_ID"":17,""NOMBRE"":""Sebastián Peña"",""DESCRIPCION"":""Contacto principal de Productos del Caribe"",""IS_ACTIVE"":""ACTIVE""
CONTACTOS,18,""ID"":18,""EMPRESA_ID"":18,""NOMBRE"":""Diana Acosta"",""DESCRIPCION"":""Contacto principal de Comercial Santa Marta"",""IS_ACTIVE"":""ACTIVE""
CONTACTOS,19,""ID"":19,""EMPRESA_ID"":19,""NOMBRE"":""Luis Navarro"",""DESCRIPCION"":""Contacto principal de Servicios del Magdalena"",""IS_ACTIVE"":""ACTIVE""
CONTACTOS,20,""ID"":20,""EMPRESA_ID"":20,""NOMBRE"":""Gabriela Molina"",""DESCRIPCION"":""Contacto principal de Empresa Caribeña"",""IS_ACTIVE"":""INACTIVE""
DIRECCIONES,1,""ID"":1,""EMPRESA_ID"":1,""NOMBRE"":""Bodega Principal"",""DESCRIPCION"":""Carrera 7 #10-20 Riohacha"",""IS_ACTIVE"":""ACTIVE""
DIRECCIONES,2,""ID"":2,""EMPRESA_ID"":1,""NOMBRE"":""Sucursal Norte"",""DESCRIPCION"":""Calle 15 #8-30 Riohacha"",""IS_ACTIVE"":""ACTIVE""
DIRECCIONES,3,""ID"":3,""EMPRESA_ID"":2,""NOMBRE"":""Bodega Principal"",""DESCRIPCION"":""Carrera 10 #12-25 Riohacha"",""IS_ACTIVE"":""ACTIVE""
DIRECCIONES,4,""ID"":4,""EMPRESA_ID"":2,""NOMBRE"":""Sucursal Centro"",""DESCRIPCION"":""Calle 10 #5-15 Riohacha"",""IS_ACTIVE"":""ACTIVE""
DIRECCIONES,5,""ID"":5,""EMPRESA_ID"":3,""NOMBRE"":""Bodega Principal"",""DESCRIPCION"":""Carrera 6 #11-40 Riohacha"",""IS_ACTIVE"":""ACTIVE""
DIRECCIONES,6,""ID"":6,""EMPRESA_ID"":3,""NOMBRE"":""Sucursal Norte"",""DESCRIPCION"":""Calle 18 #7-22 Riohacha"",""IS_ACTIVE"":""ACTIVE""
DIRECCIONES,7,""ID"":7,""EMPRESA_ID"":4,""NOMBRE"":""Oficina Principal"",""DESCRIPCION"":""Carrera 9 #20-10 Riohacha"",""IS_ACTIVE"":""ACTIVE""
DIRECCIONES,8,""ID"":8,""EMPRESA_ID"":4,""NOMBRE"":""Centro Logístico"",""DESCRIPCION"":""Calle 25 #10-05 Riohacha"",""IS_ACTIVE"":""ACTIVE""
DIRECCIONES,9,""ID"":9,""EMPRESA_ID"":5,""NOMBRE"":""Oficina Principal"",""DESCRIPCION"":""Carrera 8 #14-30 Riohacha"",""IS_ACTIVE"":""ACTIVE""
DIRECCIONES,10,""ID"":10,""EMPRESA_ID"":5,""NOMBRE"":""Bodega"",""DESCRIPCION"":""Calle 16 #9-18 Riohacha"",""IS_ACTIVE"":""ACTIVE""
DIRECCIONES,11,""ID"":11,""EMPRESA_ID"":6,""NOMBRE"":""Oficina Principal"",""DESCRIPCION"":""Carrera 12 #13-50 Valledupar"",""IS_ACTIVE"":""ACTIVE""
DIRECCIONES,12,""ID"":12,""EMPRESA_ID"":6,""NOMBRE"":""Bodega"",""DESCRIPCION"":""Calle 20 #11-25 Valledupar"",""IS_ACTIVE"":""ACTIVE""
DIRECCIONES,13,""ID"":13,""EMPRESA_ID"":7,""NOMBRE"":""Terminal"",""DESCRIPCION"":""Carrera 4 #30-10 Riohacha"",""IS_ACTIVE"":""ACTIVE""
DIRECCIONES,14,""ID"":14,""EMPRESA_ID"":7,""NOMBRE"":""Oficina"",""DESCRIPCION"":""Calle 12 #6-40 Riohacha"",""IS_ACTIVE"":""ACTIVE""
DIRECCIONES,15,""ID"":15,""EMPRESA_ID"":8,""NOMBRE"":""Oficina Principal"",""DESCRIPCION"":""Carrera 11 #16-20 Riohacha"",""IS_ACTIVE"":""ACTIVE""
DIRECCIONES,16,""ID"":16,""EMPRESA_ID"":8,""NOMBRE"":""Centro Técnico"",""DESCRIPCION"":""Calle 22 #8-15 Riohacha"",""IS_ACTIVE"":""ACTIVE""
DIRECCIONES,17,""ID"":17,""EMPRESA_ID"":9,""NOMBRE"":""Bodega Principal"",""DESCRIPCION"":""Carrera 5 #18-30 Riohacha"",""IS_ACTIVE"":""ACTIVE""
DIRECCIONES,18,""ID"":18,""EMPRESA_ID"":9,""NOMBRE"":""Sucursal Centro"",""DESCRIPCION"":""Calle 9 #7-12 Riohacha"",""IS_ACTIVE"":""ACTIVE""
DIRECCIONES,19,""ID"":19,""EMPRESA_ID"":10,""NOMBRE"":""Bodega Principal"",""DESCRIPCION"":""Carrera 13 #17-22 Riohacha"",""IS_ACTIVE"":""ACTIVE""
DIRECCIONES,20,""ID"":20,""EMPRESA_ID"":10,""NOMBRE"":""Sucursal"",""DESCRIPCION"":""Calle 19 #6-25 Riohacha"",""IS_ACTIVE"":""ACTIVE""
DIRECCIONES,21,""ID"":21,""EMPRESA_ID"":11,""NOMBRE"":""Oficina Principal"",""DESCRIPCION"":""Carrera 8 #21-10 Riohacha"",""IS_ACTIVE"":""ACTIVE""
DIRECCIONES,22,""ID"":22,""EMPRESA_ID"":11,""NOMBRE"":""Centro Operativo"",""DESCRIPCION"":""Calle 24 #9-15 Riohacha"",""IS_ACTIVE"":""ACTIVE""
DIRECCIONES,23,""ID"":23,""EMPRESA_ID"":12,""NOMBRE"":""Oficina Principal"",""DESCRIPCION"":""Carrera 7 #22-18 Riohacha"",""IS_ACTIVE"":""ACTIVE""
DIRECCIONES,24,""ID"":24,""EMPRESA_ID"":12,""NOMBRE"":""Sucursal"",""DESCRIPCION"":""Calle 11 #10-20 Riohacha"",""IS_ACTIVE"":""ACTIVE""
DIRECCIONES,25,""ID"":25,""EMPRESA_ID"":13,""NOMBRE"":""Oficina Principal"",""DESCRIPCION"":""Carrera 10 #25-30 Riohacha"",""IS_ACTIVE"":""ACTIVE""
DIRECCIONES,26,""ID"":26,""EMPRESA_ID"":13,""NOMBRE"":""Centro Operativo"",""DESCRIPCION"":""Calle 27 #7-15 Riohacha"",""IS_ACTIVE"":""ACTIVE""
DIRECCIONES,27,""ID"":27,""EMPRESA_ID"":14,""NOMBRE"":""Bodega Principal"",""DESCRIPCION"":""Carrera 6 #28-20 Riohacha"",""IS_ACTIVE"":""ACTIVE""
DIRECCIONES,28,""ID"":28,""EMPRESA_ID"":14,""NOMBRE"":""Sucursal"",""DESCRIPCION"":""Calle 13 #5-18 Riohacha"",""IS_ACTIVE"":""ACTIVE""
DIRECCIONES,29,""ID"":29,""EMPRESA_ID"":15,""NOMBRE"":""Oficina Principal"",""DESCRIPCION"":""Carrera 9 #30-22 Barranquilla"",""IS_ACTIVE"":""ACTIVE""
DIRECCIONES,30,""ID"":30,""EMPRESA_ID"":15,""NOMBRE"":""Bodega"",""DESCRIPCION"":""Calle 35 #12-10 Barranquilla"",""IS_ACTIVE"":""ACTIVE""
DIRECCIONES,31,""ID"":31,""EMPRESA_ID"":16,""NOMBRE"":""Oficina Principal"",""DESCRIPCION"":""Carrera 14 #18-40 Riohacha"",""IS_ACTIVE"":""ACTIVE""
DIRECCIONES,32,""ID"":32,""EMPRESA_ID"":16,""NOMBRE"":""Centro Logístico"",""DESCRIPCION"":""Calle 21 #10-15 Riohacha"",""IS_ACTIVE"":""ACTIVE""
DIRECCIONES,33,""ID"":33,""EMPRESA_ID"":17,""NOMBRE"":""Bodega Principal"",""DESCRIPCION"":""Carrera 5 #32-18 Riohacha"",""IS_ACTIVE"":""ACTIVE""
DIRECCIONES,34,""ID"":34,""EMPRESA_ID"":17,""NOMBRE"":""Sucursal"",""DESCRIPCION"":""Calle 17 #8-20 Riohacha"",""IS_ACTIVE"":""ACTIVE""
DIRECCIONES,35,""ID"":35,""EMPRESA_ID"":18,""NOMBRE"":""Oficina Principal"",""DESCRIPCION"":""Carrera 3 #12-10 Santa Marta"",""IS_ACTIVE"":""ACTIVE""
DIRECCIONES,36,""ID"":36,""EMPRESA_ID"":18,""NOMBRE"":""Bodega"",""DESCRIPCION"":""Calle 20 #5-25 Santa Marta"",""IS_ACTIVE"":""ACTIVE""
DIRECCIONES,37,""ID"":37,""EMPRESA_ID"":19,""NOMBRE"":""Oficina Principal"",""DESCRIPCION"":""Carrera 4 #15-20 Santa Marta"",""IS_ACTIVE"":""ACTIVE""
DIRECCIONES,38,""ID"":38,""EMPRESA_ID"":19,""NOMBRE"":""Sucursal"",""DESCRIPCION"":""Calle 22 #7-18 Santa Marta"",""IS_ACTIVE"":""ACTIVE""
DIRECCIONES,39,""ID"":39,""EMPRESA_ID"":20,""NOMBRE"":""Oficina Principal"",""DESCRIPCION"":""Carrera 2 #10-15 Cartagena"",""IS_ACTIVE"":""ACTIVE""
DIRECCIONES,40,""ID"":40,""EMPRESA_ID"":20,""NOMBRE"":""Bodega"",""DESCRIPCION"":""Calle 16 #4-22 Cartagena"",""IS_ACTIVE"":""ACTIVE""
MENSAJEROS,1,""ID"":1,""NOMBRE"":""Carlos Rincón"",""DESCRIPCION"":""Mensajero urbano"",""IS_ACTIVE"":""ACTIVE""
MENSAJEROS,2,""ID"":2,""NOMBRE"":""Juan Pérez"",""DESCRIPCION"":""Mensajero urbano"",""IS_ACTIVE"":""ACTIVE""
MENSAJEROS,3,""ID"":3,""NOMBRE"":""Miguel Torres"",""DESCRIPCION"":""Mensajero regional"",""IS_ACTIVE"":""ACTIVE""
MENSAJEROS,4,""ID"":4,""NOMBRE"":""Andrés Gómez"",""DESCRIPCION"":""Mensajero urbano"",""IS_ACTIVE"":""ACTIVE""
MENSAJEROS,5,""ID"":5,""NOMBRE"":""Luis Rodríguez"",""DESCRIPCION"":""Mensajero regional"",""IS_ACTIVE"":""ACTIVE""
MENSAJEROS,6,""ID"":6,""NOMBRE"":""David Martínez"",""DESCRIPCION"":""Mensajero urbano"",""IS_ACTIVE"":""ACTIVE""
MENSAJEROS,7,""ID"":7,""NOMBRE"":""Jorge Díaz"",""DESCRIPCION"":""Mensajero urbano"",""IS_ACTIVE"":""ACTIVE""
MENSAJEROS,8,""ID"":8,""NOMBRE"":""Felipe López"",""DESCRIPCION"":""Mensajero regional"",""IS_ACTIVE"":""ACTIVE""
MENSAJEROS,9,""ID"":9,""NOMBRE"":""Sebastián Castro"",""DESCRIPCION"":""Mensajero urbano"",""IS_ACTIVE"":""ACTIVE""
MENSAJEROS,10,""ID"":10,""NOMBRE"":""Ricardo Herrera"",""DESCRIPCION"":""Mensajero urbano"",""IS_ACTIVE"":""ACTIVE""
MENSAJEROS,11,""ID"":11,""NOMBRE"":""Daniel Moreno"",""DESCRIPCION"":""Mensajero regional"",""IS_ACTIVE"":""ACTIVE""
MENSAJEROS,12,""ID"":12,""NOMBRE"":""Mateo Vargas"",""DESCRIPCION"":""Mensajero urbano"",""IS_ACTIVE"":""ACTIVE""
MENSAJEROS,13,""ID"":13,""NOMBRE"":""Nicolás Ruiz"",""DESCRIPCION"":""Mensajero urbano"",""IS_ACTIVE"":""ACTIVE""
MENSAJEROS,14,""ID"":14,""NOMBRE"":""Alejandro Silva"",""DESCRIPCION"":""Mensajero regional"",""IS_ACTIVE"":""ACTIVE""
MENSAJEROS,15,""ID"":15,""NOMBRE"":""Kevin Jiménez"",""DESCRIPCION"":""Mensajero urbano"",""IS_ACTIVE"":""ACTIVE""
MENSAJEROS,16,""ID"":16,""NOMBRE"":""Samuel Acosta"",""DESCRIPCION"":""Mensajero urbano"",""IS_ACTIVE"":""ACTIVE""
MENSAJEROS,17,""ID"":17,""NOMBRE"":""Diego Navarro"",""DESCRIPCION"":""Mensajero regional"",""IS_ACTIVE"":""ACTIVE""
MENSAJEROS,18,""ID"":18,""NOMBRE"":""Oscar Molina"",""DESCRIPCION"":""Mensajero urbano"",""IS_ACTIVE"":""ACTIVE""
MENSAJEROS,19,""ID"":19,""NOMBRE"":""Cristian Peña"",""DESCRIPCION"":""Mensajero urbano"",""IS_ACTIVE"":""ACTIVE""
MENSAJEROS,20,""ID"":20,""NOMBRE"":""Fernando Acosta"",""DESCRIPCION"":""Mensajero inactivo"",""IS_ACTIVE"":""INACTIVE""
RUTAS,1,""ID"":1,""NOMBRE"":""Ruta Centro"",""DESCRIPCION"":""Zona centro de Riohacha"",""IS_ACTIVE"":""ACTIVE""
RUTAS,2,""ID"":2,""NOMBRE"":""Ruta Norte"",""DESCRIPCION"":""Zona norte de Riohacha"",""IS_ACTIVE"":""ACTIVE""
RUTAS,3,""ID"":3,""NOMBRE"":""Ruta Sur"",""DESCRIPCION"":""Zona sur de Riohacha"",""IS_ACTIVE"":""ACTIVE""
RUTAS,4,""ID"":4,""NOMBRE"":""Ruta Comercial"",""DESCRIPCION"":""Zona comercial"",""IS_ACTIVE"":""ACTIVE""
RUTAS,5,""ID"":5,""NOMBRE"":""Ruta Industrial"",""DESCRIPCION"":""Zona industrial"",""IS_ACTIVE"":""ACTIVE""
RUTAS,6,""ID"":6,""NOMBRE"":""Ruta Guajira"",""DESCRIPCION"":""Municipios de La Guajira"",""IS_ACTIVE"":""ACTIVE""
RUTAS,7,""ID"":7,""NOMBRE"":""Ruta Valledupar"",""DESCRIPCION"":""Trayecto hacia Valledupar"",""IS_ACTIVE"":""ACTIVE""
RUTAS,8,""ID"":8,""NOMBRE"":""Ruta Barranquilla"",""DESCRIPCION"":""Trayecto hacia Barranquilla"",""IS_ACTIVE"":""ACTIVE""
RUTAS,9,""ID"":9,""NOMBRE"":""Ruta Santa Marta"",""DESCRIPCION"":""Trayecto hacia Santa Marta"",""IS_ACTIVE"":""ACTIVE""
RUTAS,10,""ID"":10,""NOMBRE"":""Ruta Regional 1"",""DESCRIPCION"":""Ruta regional norte"",""IS_ACTIVE"":""ACTIVE""
RUTAS,11,""ID"":11,""NOMBRE"":""Ruta Regional 2"",""DESCRIPCION"":""Ruta regional sur"",""IS_ACTIVE"":""ACTIVE""
RUTAS,12,""ID"":12,""NOMBRE"":""Ruta Especial"",""DESCRIPCION"":""Ruta para envíos especiales"",""IS_ACTIVE"":""ACTIVE""
RUTAS,13,""ID"":13,""NOMBRE"":""Ruta Empresarial"",""DESCRIPCION"":""Ruta para empresas"",""IS_ACTIVE"":""ACTIVE""
RUTAS,14,""ID"":14,""NOMBRE"":""Ruta Express"",""DESCRIPCION"":""Ruta de entregas rápidas"",""IS_ACTIVE"":""ACTIVE""
RUTAS,15,""ID"":15,""NOMBRE"":""Ruta Metropolitana"",""DESCRIPCION"":""Ruta metropolitana"",""IS_ACTIVE"":""ACTIVE""
RUTAS,16,""ID"":16,""NOMBRE"":""Ruta Costera"",""DESCRIPCION"":""Ruta por la zona costera"",""IS_ACTIVE"":""ACTIVE""
RUTAS,17,""ID"":17,""NOMBRE"":""Ruta Occidente"",""DESCRIPCION"":""Ruta occidental"",""IS_ACTIVE"":""ACTIVE""
RUTAS,18,""ID"":18,""NOMBRE"":""Ruta Oriente"",""DESCRIPCION"":""Ruta oriental"",""IS_ACTIVE"":""ACTIVE""
RUTAS,19,""ID"":19,""NOMBRE"":""Ruta Nacional"",""DESCRIPCION"":""Ruta nacional"",""IS_ACTIVE"":""ACTIVE""
RUTAS,20,""ID"":20,""NOMBRE"":""Ruta Temporal"",""DESCRIPCION"":""Ruta temporal"",""IS_ACTIVE"":""INACTIVE""
TARIFAS,1,""ID"":1,""NOMBRE"":""Tarifa Básica"",""REGLA_CALCULO"":""Por paquete"",""VALOR_BASE"":10000,""VIGENCIA_DESDE"":""2026-01-01"",""VIGENCIA_HASTA"":null,""IS_ACTIVE"":""ACTIVE""
TARIFAS,2,""ID"":2,""NOMBRE"":""Tarifa Estándar"",""REGLA_CALCULO"":""Por paquete"",""VALOR_BASE"":15000,""VIGENCIA_DESDE"":""2026-01-01"",""VIGENCIA_HASTA"":null,""IS_ACTIVE"":""ACTIVE""
TARIFAS,3,""ID"":3,""NOMBRE"":""Tarifa Express"",""REGLA_CALCULO"":""Por prioridad"",""VALOR_BASE"":20000,""VIGENCIA_DESDE"":""2026-01-01"",""VIGENCIA_HASTA"":null,""IS_ACTIVE"":""ACTIVE""
TARIFAS,4,""ID"":4,""NOMBRE"":""Tarifa Regional"",""REGLA_CALCULO"":""Por distancia"",""VALOR_BASE"":25000,""VIGENCIA_DESDE"":""2026-01-01"",""VIGENCIA_HASTA"":null,""IS_ACTIVE"":""ACTIVE""
TARIFAS,5,""ID"":5,""NOMBRE"":""Tarifa Premium"",""REGLA_CALCULO"":""Por servicio"",""VALOR_BASE"":30000,""VIGENCIA_DESDE"":""2026-01-01"",""VIGENCIA_HASTA"":null,""IS_ACTIVE"":""ACTIVE""
TARIFAS,6,""ID"":6,""NOMBRE"":""Tarifa Empresarial"",""REGLA_CALCULO"":""Por contrato"",""VALOR_BASE"":18000,""VIGENCIA_DESDE"":""2026-01-01"",""VIGENCIA_HASTA"":null,""IS_ACTIVE"":""ACTIVE""
TARIFAS,7,""ID"":7,""NOMBRE"":""Tarifa Comercial"",""REGLA_CALCULO"":""Por paquete"",""VALOR_BASE"":12000,""VIGENCIA_DESDE"":""2026-01-01"",""VIGENCIA_HASTA"":null,""IS_ACTIVE"":""ACTIVE""
TARIFAS,8,""ID"":8,""NOMBRE"":""Tarifa Norte"",""REGLA_CALCULO"":""Por distancia"",""VALOR_BASE"":22000,""VIGENCIA_DESDE"":""2026-01-01"",""VIGENCIA_HASTA"":null,""IS_ACTIVE"":""ACTIVE""
TARIFAS,9,""ID"":9,""NOMBRE"":""Tarifa Sur"",""REGLA_CALCULO"":""Por distancia"",""VALOR_BASE"":21000,""VIGENCIA_DESDE"":""2026-01-01"",""VIGENCIA_HASTA"":null,""IS_ACTIVE"":""ACTIVE""
TARIFAS,10,""ID"":10,""NOMBRE"":""Tarifa Centro"",""REGLA_CALCULO"":""Por zona"",""VALOR_BASE"":11000,""VIGENCIA_DESDE"":""2026-01-01"",""VIGENCIA_HASTA"":null,""IS_ACTIVE"":""ACTIVE""
TARIFAS,11,""ID"":11,""NOMBRE"":""Tarifa Guajira"",""REGLA_CALCULO"":""Por distancia"",""VALOR_BASE"":27000,""VIGENCIA_DESDE"":""2026-01-01"",""VIGENCIA_HASTA"":null,""IS_ACTIVE"":""ACTIVE""
TARIFAS,12,""ID"":12,""NOMBRE"":""Tarifa Valledupar"",""REGLA_CALCULO"":""Por distancia"",""VALOR_BASE"":28000,""VIGENCIA_DESDE"":""2026-01-01"",""VIGENCIA_HASTA"":null,""IS_ACTIVE"":""ACTIVE""
TARIFAS,13,""ID"":13,""NOMBRE"":""Tarifa Barranquilla"",""REGLA_CALCULO"":""Por distancia"",""VALOR_BASE"":32000,""VIGENCIA_DESDE"":""2026-01-01"",""VIGENCIA_HASTA"":null,""IS_ACTIVE"":""ACTIVE""
TARIFAS,14,""ID"":14,""NOMBRE"":""Tarifa Santa Marta"",""REGLA_CALCULO"":""Por distancia"",""VALOR_BASE"":30000,""VIGENCIA_DESDE"":""2026-01-01"",""VIGENCIA_HASTA"":null,""IS_ACTIVE"":""ACTIVE""
TARIFAS,15,""ID"":15,""NOMBRE"":""Tarifa Urgente"",""REGLA_CALCULO"":""Por prioridad"",""VALOR_BASE"":35000,""VIGENCIA_DESDE"":""2026-01-01"",""VIGENCIA_HASTA"":null,""IS_ACTIVE"":""ACTIVE""
TARIFAS,16,""ID"":16,""NOMBRE"":""Tarifa Nocturna"",""REGLA_CALCULO"":""Por horario"",""VALOR_BASE"":26000,""VIGENCIA_DESDE"":""2026-01-01"",""VIGENCIA_HASTA"":null,""IS_ACTIVE"":""ACTIVE""
TARIFAS,17,""ID"":17,""NOMBRE"":""Tarifa Corporativa"",""REGLA_CALCULO"":""Por contrato"",""VALOR_BASE"":24000,""VIGENCIA_DESDE"":""2026-01-01"",""VIGENCIA_HASTA"":null,""IS_ACTIVE"":""ACTIVE""
TARIFAS,18,""ID"":18,""NOMBRE"":""Tarifa Especial"",""REGLA_CALCULO"":""Por servicio"",""VALOR_BASE"":40000,""VIGENCIA_DESDE"":""2026-01-01"",""VIGENCIA_HASTA"":null,""IS_ACTIVE"":""ACTIVE""
TARIFAS,19,""ID"":19,""NOMBRE"":""Tarifa Antigua"",""REGLA_CALCULO"":""Por paquete"",""VALOR_BASE"":9000,""VIGENCIA_DESDE"":""2025-01-01"",""VIGENCIA_HASTA"":""2025-12-31"",""IS_ACTIVE"":""INACTIVE""
TARIFAS,20,""ID"":20,""NOMBRE"":""Tarifa Temporal"",""REGLA_CALCULO"":""Por servicio"",""VALOR_BASE"":45000,""VIGENCIA_DESDE"":""2025-01-01"",""VIGENCIA_HASTA"":""2025-12-31"",""IS_ACTIVE"":""INACTIVE""
ENVIOS,1,""ID"":1,""EMPRESA_ID"":1,""MENSAJERO_ID"":1,""RUTA_ID"":1,""TARIFA_ID"":1,""DIRECCION_RECOGIDA_ID"":1,""DIRECCION_ENTREGA_ID"":2,""REFERENCIA"":""EX-2026-001"",""DESCRIPCION"":""Documentos empresariales"",""ESTADO"":""ENTREGADO"",""PRIORIDAD"":""NORMAL"",""FECHA_SOLICITUD"":""2026-08-01 08:00:00"",""FECHA_ENTREGA"":""2026-08-02 14:00:00"",""IS_ACTIVE"":""ACTIVE""
ENVIOS,2,""ID"":2,""EMPRESA_ID"":1,""MENSAJERO_ID"":2,""RUTA_ID"":2,""TARIFA_ID"":2,""DIRECCION_RECOGIDA_ID"":1,""DIRECCION_ENTREGA_ID"":2,""REFERENCIA"":""EX-2026-002"",""DESCRIPCION"":""Paquete comercial"",""ESTADO"":""ENTREGADO"",""PRIORIDAD"":""ALTA"",""FECHA_SOLICITUD"":""2026-08-02 09:00:00"",""FECHA_ENTREGA"":""2026-08-03 16:00:00"",""IS_ACTIVE"":""ACTIVE""
ENVIOS,3,""ID"":3,""EMPRESA_ID"":2,""MENSAJERO_ID"":3,""RUTA_ID"":3,""TARIFA_ID"":3,""DIRECCION_RECOGIDA_ID"":3,""DIRECCION_ENTREGA_ID"":4,""REFERENCIA"":""EX-2026-003"",""DESCRIPCION"":""Documentos administrativos"",""ESTADO"":""EN_TRANSITO"",""PRIORIDAD"":""NORMAL"",""FECHA_SOLICITUD"":""2026-08-03 10:00:00"",""FECHA_ENTREGA"":null,""IS_ACTIVE"":""ACTIVE""
ENVIOS,4,""ID"":4,""EMPRESA_ID"":2,""MENSAJERO_ID"":4,""RUTA_ID"":4,""TARIFA_ID"":4,""DIRECCION_RECOGIDA_ID"":3,""DIRECCION_ENTREGA_ID"":4,""REFERENCIA"":""EX-2026-004"",""DESCRIPCION"":""Mercancía general"",""ESTADO"":""EN_ENTREGA"",""PRIORIDAD"":""ALTA"",""FECHA_SOLICITUD"":""2026-08-04 11:00:00"",""FECHA_ENTREGA"":null,""IS_ACTIVE"":""ACTIVE""
ENVIOS,5,""ID"":5,""EMPRESA_ID"":3,""MENSAJERO_ID"":5,""RUTA_ID"":5,""TARIFA_ID"":5,""DIRECCION_RECOGIDA_ID"":5,""DIRECCION_ENTREGA_ID"":6,""REFERENCIA"":""EX-2026-005"",""DESCRIPCION"":""Paquete tecnológico"",""ESTADO"":""ASIGNADO"",""PRIORIDAD"":""NORMAL"",""FECHA_SOLICITUD"":""2026-08-05 08:30:00"",""FECHA_ENTREGA"":null,""IS_ACTIVE"":""ACTIVE""
ENVIOS,6,""ID"":6,""EMPRESA_ID"":4,""MENSAJERO_ID"":6,""RUTA_ID"":6,""TARIFA_ID"":6,""DIRECCION_RECOGIDA_ID"":7,""DIRECCION_ENTREGA_ID"":8,""REFERENCIA"":""EX-2026-006"",""DESCRIPCION"":""Material logístico"",""ESTADO"":""EN_RECOGIDA"",""PRIORIDAD"":""ALTA"",""FECHA_SOLICITUD"":""2026-08-06 09:15:00"",""FECHA_ENTREGA"":null,""IS_ACTIVE"":""ACTIVE""
ENVIOS,7,""ID"":7,""EMPRESA_ID"":5,""MENSAJERO_ID"":7,""RUTA_ID"":7,""TARIFA_ID"":7,""DIRECCION_RECOGIDA_ID"":9,""DIRECCION_ENTREGA_ID"":10,""REFERENCIA"":""EX-2026-007"",""DESCRIPCION"":""Documentos legales"",""ESTADO"":""ENTREGADO"",""PRIORIDAD"":""NORMAL"",""FECHA_SOLICITUD"":""2026-08-07 08:00:00"",""FECHA_ENTREGA"":""2026-08-08 13:00:00"",""IS_ACTIVE"":""ACTIVE""
ENVIOS,8,""ID"":8,""EMPRESA_ID"":6,""MENSAJERO_ID"":8,""RUTA_ID"":8,""TARIFA_ID"":8,""DIRECCION_RECOGIDA_ID"":11,""DIRECCION_ENTREGA_ID"":12,""REFERENCIA"":""EX-2026-008"",""DESCRIPCION"":""Productos comerciales"",""ESTADO"":""EN_TRANSITO"",""PRIORIDAD"":""URGENTE"",""FECHA_SOLICITUD"":""2026-08-08 10:30:00"",""FECHA_ENTREGA"":null,""IS_ACTIVE"":""ACTIVE""
ENVIOS,9,""ID"":9,""EMPRESA_ID"":7,""MENSAJERO_ID"":9,""RUTA_ID"":9,""TARIFA_ID"":9,""DIRECCION_RECOGIDA_ID"":13,""DIRECCION_ENTREGA_ID"":14,""REFERENCIA"":""EX-2026-009"",""DESCRIPCION"":""Repuestos"",""ESTADO"":""ENTREGADO"",""PRIORIDAD"":""ALTA"",""FECHA_SOLICITUD"":""2026-08-09 09:00:00"",""FECHA_ENTREGA"":""2026-08-10 15:00:00"",""IS_ACTIVE"":""ACTIVE""
ENVIOS,10,""ID"":10,""EMPRESA_ID"":8,""MENSAJERO_ID"":10,""RUTA_ID"":10,""TARIFA_ID"":10,""DIRECCION_RECOGIDA_ID"":15,""DIRECCION_ENTREGA_ID"":16,""REFERENCIA"":""EX-2026-010"",""DESCRIPCION"":""Equipos electrónicos"",""ESTADO"":""CANCELADO"",""PRIORIDAD"":""BAJA"",""FECHA_SOLICITUD"":""2026-08-10 12:00:00"",""FECHA_ENTREGA"":null,""IS_ACTIVE"":""ACTIVE""
ENVIOS,11,""ID"":11,""EMPRESA_ID"":9,""MENSAJERO_ID"":11,""RUTA_ID"":11,""TARIFA_ID"":11,""DIRECCION_RECOGIDA_ID"":17,""DIRECCION_ENTREGA_ID"":18,""REFERENCIA"":""EX-2026-011"",""DESCRIPCION"":""Documentos comerciales"",""ESTADO"":""ENTREGADO"",""PRIORIDAD"":""NORMAL"",""FECHA_SOLICITUD"":""2026-08-11 08:45:00"",""FECHA_ENTREGA"":""2026-08-12 12:30:00"",""IS_ACTIVE"":""ACTIVE""
ENVIOS,12,""ID"":12,""EMPRESA_ID"":10,""MENSAJERO_ID"":12,""RUTA_ID"":12,""TARIFA_ID"":12,""DIRECCION_RECOGIDA_ID"":19,""DIRECCION_ENTREGA_ID"":20,""REFERENCIA"":""EX-2026-012"",""DESCRIPCION"":""Productos alimenticios"",""ESTADO"":""CON_NOVEDAD"",""PRIORIDAD"":""ALTA"",""FECHA_SOLICITUD"":""2026-08-12 09:20:00"",""FECHA_ENTREGA"":null,""IS_ACTIVE"":""ACTIVE""
ENVIOS,13,""ID"":13,""EMPRESA_ID"":11,""MENSAJERO_ID"":13,""RUTA_ID"":13,""TARIFA_ID"":13,""DIRECCION_RECOGIDA_ID"":21,""DIRECCION_ENTREGA_ID"":22,""REFERENCIA"":""EX-2026-013"",""DESCRIPCION"":""Documentación empresarial"",""ESTADO"":""ENTREGADO"",""PRIORIDAD"":""NORMAL"",""FECHA_SOLICITUD"":""2026-08-13 08:00:00"",""FECHA_ENTREGA"":""2026-08-14 11:00:00"",""IS_ACTIVE"":""ACTIVE""
ENVIOS,14,""ID"":14,""EMPRESA_ID"":12,""MENSAJERO_ID"":14,""RUTA_ID"":14,""TARIFA_ID"":14,""DIRECCION_RECOGIDA_ID"":23,""DIRECCION_ENTREGA_ID"":24,""REFERENCIA"":""EX-2026-014"",""DESCRIPCION"":""Paquete urgente"",""ESTADO"":""EN_ENTREGA"",""PRIORIDAD"":""URGENTE"",""FECHA_SOLICITUD"":""2026-08-14 10:00:00"",""FECHA_ENTREGA"":null,""IS_ACTIVE"":""ACTIVE""
ENVIOS,15,""ID"":15,""EMPRESA_ID"":13,""MENSAJERO_ID"":15,""RUTA_ID"":15,""TARIFA_ID"":15,""DIRECCION_RECOGIDA_ID"":25,""DIRECCION_ENTREGA_ID"":26,""REFERENCIA"":""EX-2026-015"",""DESCRIPCION"":""Insumos empresariales"",""ESTADO"":""ASIGNADO"",""PRIORIDAD"":""NORMAL"",""FECHA_SOLICITUD"":""2026-08-15 08:10:00"",""FECHA_ENTREGA"":null,""IS_ACTIVE"":""ACTIVE""
ENVIOS,16,""ID"":16,""EMPRESA_ID"":14,""MENSAJERO_ID"":16,""RUTA_ID"":16,""TARIFA_ID"":16,""DIRECCION_RECOGIDA_ID"":27,""DIRECCION_ENTREGA_ID"":28,""REFERENCIA"":""EX-2026-016"",""DESCRIPCION"":""Mercancía regional"",""ESTADO"":""EN_TRANSITO"",""PRIORIDAD"":""ALTA"",""FECHA_SOLICITUD"":""2026-08-16 09:30:00"",""FECHA_ENTREGA"":null,""IS_ACTIVE"":""ACTIVE""
ENVIOS,17,""ID"":17,""EMPRESA_ID"":15,""MENSAJERO_ID"":17,""RUTA_ID"":17,""TARIFA_ID"":17,""DIRECCION_RECOGIDA_ID"":29,""DIRECCION_ENTREGA_ID"":30,""REFERENCIA"":""EX-2026-017"",""DESCRIPCION"":""Documentos financieros"",""ESTADO"":""ENTREGADO"",""PRIORIDAD"":""NORMAL"",""FECHA_SOLICITUD"":""2026-08-17 07:50:00"",""FECHA_ENTREGA"":""2026-08-18 14:20:00"",""IS_ACTIVE"":""ACTIVE""
ENVIOS,18,""ID"":18,""EMPRESA_ID"":16,""MENSAJERO_ID"":18,""RUTA_ID"":18,""TARIFA_ID"":18,""DIRECCION_RECOGIDA_ID"":31,""DIRECCION_ENTREGA_ID"":32,""REFERENCIA"":""EX-2026-018"",""DESCRIPCION"":""Paquete corporativo"",""ESTADO"":""CREADO"",""PRIORIDAD"":""BAJA"",""FECHA_SOLICITUD"":""2026-08-18 10:00:00"",""FECHA_ENTREGA"":null,""IS_ACTIVE"":""ACTIVE""
ENVIOS,19,""ID"":19,""EMPRESA_ID"":17,""MENSAJERO_ID"":19,""RUTA_ID"":19,""TARIFA_ID"":19,""DIRECCION_RECOGIDA_ID"":33,""DIRECCION_ENTREGA_ID"":34,""REFERENCIA"":""EX-2026-019"",""DESCRIPCION"":""Productos comerciales"",""ESTADO"":""EN_TRANSITO"",""PRIORIDAD"":""ALTA"",""FECHA_SOLICITUD"":""2026-08-19 11:00:00"",""FECHA_ENTREGA"":null,""IS_ACTIVE"":""ACTIVE""
ENVIOS,20,""ID"":20,""EMPRESA_ID"":1,""MENSAJERO_ID"":20,""RUTA_ID"":2,""TARIFA_ID"":4,""DIRECCION_RECOGIDA_ID"":1,""DIRECCION_ENTREGA_ID"":2,""REFERENCIA"":""EX-2026-020"",""DESCRIPCION"":""Envío urgente empresarial"",""ESTADO"":""ENTREGADO"",""PRIORIDAD"":""URGENTE"",""FECHA_SOLICITUD"":""2026-08-20 08:00:00"",""FECHA_ENTREGA"":""2026-08-21 10:30:00"",""IS_ACTIVE"":""ACTIVE""
PAQUETES,1,""ID"":1,""ENVIO_ID"":1,""CODIGO"":""PK-2026-001"",""DESCRIPCION"":""Documentos"",""PESO"":1.2,""LARGO"":30,""ANCHO"":20,""ALTO"":5,""TIPO_CONTENIDO"":""Documentos"",""ESTADO"":""ENTREGADO"",""IS_ACTIVE"":""ACTIVE""
PAQUETES,2,""ID"":2,""ENVIO_ID"":2,""CODIGO"":""PK-2026-002"",""DESCRIPCION"":""Paquete comercial"",""PESO"":4.5,""LARGO"":40,""ANCHO"":30,""ALTO"":20,""TIPO_CONTENIDO"":""Mercancía"",""ESTADO"":""ENTREGADO"",""IS_ACTIVE"":""ACTIVE""
PAQUETES,3,""ID"":3,""ENVIO_ID"":3,""CODIGO"":""PK-2026-003"",""DESCRIPCION"":""Documentos administrativos"",""PESO"":2.0,""LARGO"":30,""ANCHO"":25,""ALTO"":10,""TIPO_CONTENIDO"":""Documentos"",""ESTADO"":""EN_TRANSITO"",""IS_ACTIVE"":""ACTIVE""
PAQUETES,4,""ID"":4,""ENVIO_ID"":4,""CODIGO"":""PK-2026-004"",""DESCRIPCION"":""Mercancía general"",""PESO"":8.5,""LARGO"":50,""ANCHO"":40,""ALTO"":30,""TIPO_CONTENIDO"":""Mercancía"",""ESTADO"":""EN_TRANSITO"",""IS_ACTIVE"":""ACTIVE""
PAQUETES,5,""ID"":5,""ENVIO_ID"":5,""CODIGO"":""PK-2026-005"",""DESCRIPCION"":""Equipo tecnológico"",""PESO"":6.0,""LARGO"":45,""ANCHO"":35,""ALTO"":25,""TIPO_CONTENIDO"":""Tecnología"",""ESTADO"":""REGISTRADO"",""IS_ACTIVE"":""ACTIVE""
PAQUETES,6,""ID"":6,""ENVIO_ID"":6,""CODIGO"":""PK-2026-006"",""DESCRIPCION"":""Material logístico"",""PESO"":10.5,""LARGO"":60,""ANCHO"":40,""ALTO"":35,""TIPO_CONTENIDO"":""Material"",""ESTADO"":""REGISTRADO"",""IS_ACTIVE"":""ACTIVE""
PAQUETES,7,""ID"":7,""ENVIO_ID"":7,""CODIGO"":""PK-2026-007"",""DESCRIPCION"":""Documentos legales"",""PESO"":1.5,""LARGO"":30,""ANCHO"":20,""ALTO"":5,""TIPO_CONTENIDO"":""Documentos"",""ESTADO"":""ENTREGADO"",""IS_ACTIVE"":""ACTIVE""
PAQUETES,8,""ID"":8,""ENVIO_ID"":8,""CODIGO"":""PK-2026-008"",""DESCRIPCION"":""Productos comerciales"",""PESO"":7.2,""LARGO"":50,""ANCHO"":40,""ALTO"":30,""TIPO_CONTENIDO"":""Mercancía"",""ESTADO"":""EN_TRANSITO"",""IS_ACTIVE"":""ACTIVE""
PAQUETES,9,""ID"":9,""ENVIO_ID"":9,""CODIGO"":""PK-2026-009"",""DESCRIPCION"":""Repuestos"",""PESO"":12.0,""LARGO"":70,""ANCHO"":45,""ALTO"":35,""TIPO_CONTENIDO"":""Repuestos"",""ESTADO"":""ENTREGADO"",""IS_ACTIVE"":""ACTIVE""
PAQUETES,10,""ID"":10,""ENVIO_ID"":10,""CODIGO"":""PK-2026-010"",""DESCRIPCION"":""Equipo electrónico"",""PESO"":5.5,""LARGO"":40,""ANCHO"":35,""ALTO"":20,""TIPO_CONTENIDO"":""Tecnología"",""ESTADO"":""DEVUELTO"",""IS_ACTIVE"":""ACTIVE""
PAQUETES,11,""ID"":11,""ENVIO_ID"":11,""CODIGO"":""PK-2026-011"",""DESCRIPCION"":""Documentos comerciales"",""PESO"":1.8,""LARGO"":30,""ANCHO"":20,""ALTO"":5,""TIPO_CONTENIDO"":""Documentos"",""ESTADO"":""ENTREGADO"",""IS_ACTIVE"":""ACTIVE""
PAQUETES,12,""ID"":12,""ENVIO_ID"":12,""CODIGO"":""PK-2026-012"",""DESCRIPCION"":""Productos alimenticios"",""PESO"":15.0,""LARGO"":60,""ANCHO"":45,""ALTO"":40,""TIPO_CONTENIDO"":""Alimentos"",""ESTADO"":""CON_NOVEDAD"",""IS_ACTIVE"":""ACTIVE""
PAQUETES,13,""ID"":13,""ENVIO_ID"":13,""CODIGO"":""PK-2026-013"",""DESCRIPCION"":""Documentación empresarial"",""PESO"":2.2,""LARGO"":35,""ANCHO"":25,""ALTO"":8,""TIPO_CONTENIDO"":""Documentos"",""ESTADO"":""ENTREGADO"",""IS_ACTIVE"":""ACTIVE""
PAQUETES,14,""ID"":14,""ENVIO_ID"":14,""CODIGO"":""PK-2026-014"",""DESCRIPCION"":""Paquete urgente"",""PESO"":3.8,""LARGO"":40,""ANCHO"":30,""ALTO"":20,""TIPO_CONTENIDO"":""Mercancía"",""ESTADO"":""EN_TRANSITO"",""IS_ACTIVE"":""ACTIVE""
PAQUETES,15,""ID"":15,""ENVIO_ID"":15,""CODIGO"":""PK-2026-015"",""DESCRIPCION"":""Insumos empresariales"",""PESO"":9.0,""LARGO"":55,""ANCHO"":40,""ALTO"":30,""TIPO_CONTENIDO"":""Insumos"",""ESTADO"":""REGISTRADO"",""IS_ACTIVE"":""ACTIVE""
PAQUETES,16,""ID"":16,""ENVIO_ID"":16,""CODIGO"":""PK-2026-016"",""DESCRIPCION"":""Mercancía regional"",""PESO"":13.5,""LARGO"":65,""ANCHO"":45,""ALTO"":40,""TIPO_CONTENIDO"":""Mercancía"",""ESTADO"":""EN_TRANSITO"",""IS_ACTIVE"":""ACTIVE""
PAQUETES,17,""ID"":17,""ENVIO_ID"":17,""CODIGO"":""PK-2026-017"",""DESCRIPCION"":""Documentos financieros"",""PESO"":1.4,""LARGO"":30,""ANCHO"":20,""ALTO"":5,""TIPO_CONTENIDO"":""Documentos"",""ESTADO"":""ENTREGADO"",""IS_ACTIVE"":""ACTIVE""
PAQUETES,18,""ID"":18,""ENVIO_ID"":18,""CODIGO"":""PK-2026-018"",""DESCRIPCION"":""Paquete corporativo"",""PESO"":5.0,""LARGO"":45,""ANCHO"":35,""ALTO"":25,""TIPO_CONTENIDO"":""Mercancía"",""ESTADO"":""REGISTRADO"",""IS_ACTIVE"":""ACTIVE""
PAQUETES,19,""ID"":19,""ENVIO_ID"":19,""CODIGO"":""PK-2026-019"",""DESCRIPCION"":""Productos comerciales"",""PESO"":11.0,""LARGO"":60,""ANCHO"":40,""ALTO"":35,""TIPO_CONTENIDO"":""Mercancía"",""ESTADO"":""EN_TRANSITO"",""IS_ACTIVE"":""ACTIVE""
PAQUETES,20,""ID"":20,""ENVIO_ID"":20,""CODIGO"":""PK-2026-020"",""DESCRIPCION"":""Envío urgente empresarial"",""PESO"":3.2,""LARGO"":35,""ANCHO"":25,""ALTO"":15,""TIPO_CONTENIDO"":""Documentos"",""ESTADO"":""ENTREGADO"",""IS_ACTIVE"":""ACTIVE""
EVENTOS_TRACKING,1,""ID"":1,""ENVIO_ID"":1,""MENSAJERO_ID"":1,""ESTADO"":""ENTREGADO"",""DESCRIPCION"":""Entrega realizada correctamente"",""LATITUD"":11.5444,""LONGITUD"":-72.9072,""FECHA_EVENTO"":""2026-08-02 14:00:00"",""IS_ACTIVE"":""ACTIVE""
EVENTOS_TRACKING,2,""ID"":2,""ENVIO_ID"":2,""MENSAJERO_ID"":2,""ESTADO"":""ENTREGADO"",""DESCRIPCION"":""Paquete entregado al receptor"",""LATITUD"":11.545,""LONGITUD"":-72.908,""FECHA_EVENTO"":""2026-08-03 16:00:00"",""IS_ACTIVE"":""ACTIVE""
EVENTOS_TRACKING,3,""ID"":3,""ENVIO_ID"":3,""MENSAJERO_ID"":3,""ESTADO"":""EN_TRANSITO"",""DESCRIPCION"":""Envío en tránsito"",""LATITUD"":11.55,""LONGITUD"":-72.9,""FECHA_EVENTO"":""2026-08-04 12:00:00"",""IS_ACTIVE"":""ACTIVE""
EVENTOS_TRACKING,4,""ID"":4,""ENVIO_ID"":4,""MENSAJERO_ID"":4,""ESTADO"":""EN_ENTREGA"",""DESCRIPCION"":""Mensajero en ruta de entrega"",""LATITUD"":11.552,""LONGITUD"":-72.905,""FECHA_EVENTO"":""2026-08-05 13:00:00"",""IS_ACTIVE"":""ACTIVE""
EVENTOS_TRACKING,5,""ID"":5,""ENVIO_ID"":5,""MENSAJERO_ID"":5,""ESTADO"":""ASIGNADO"",""DESCRIPCION"":""Envío asignado al mensajero"",""LATITUD"":11.56,""LONGITUD"":-72.91,""FECHA_EVENTO"":""2026-08-05 15:00:00"",""IS_ACTIVE"":""ACTIVE""
EVENTOS_TRACKING,6,""ID"":6,""ENVIO_ID"":6,""MENSAJERO_ID"":6,""ESTADO"":""EN_RECOGIDA"",""DESCRIPCION"":""Mensajero en punto de recogida"",""LATITUD"":11.565,""LONGITUD"":-72.915,""FECHA_EVENTO"":""2026-08-06 10:00:00"",""IS_ACTIVE"":""ACTIVE""
EVENTOS_TRACKING,7,""ID"":7,""ENVIO_ID"":7,""MENSAJERO_ID"":7,""ESTADO"":""ENTREGADO"",""DESCRIPCION"":""Entrega confirmada"",""LATITUD"":11.57,""LONGITUD"":-72.92,""FECHA_EVENTO"":""2026-08-08 13:00:00"",""IS_ACTIVE"":""ACTIVE""
EVENTOS_TRACKING,8,""ID"":8,""ENVIO_ID"":8,""MENSAJERO_ID"":8,""ESTADO"":""EN_TRANSITO"",""DESCRIPCION"":""Paquete trasladándose a destino"",""LATITUD"":11.575,""LONGITUD"":-72.925,""FECHA_EVENTO"":""2026-08-09 11:00:00"",""IS_ACTIVE"":""ACTIVE""
EVENTOS_TRACKING,9,""ID"":9,""ENVIO_ID"":9,""MENSAJERO_ID"":9,""ESTADO"":""ENTREGADO"",""DESCRIPCION"":""Entrega confirmada"",""LATITUD"":11.58,""LONGITUD"":-72.93,""FECHA_EVENTO"":""2026-08-10 15:00:00"",""IS_ACTIVE"":""ACTIVE""
EVENTOS_TRACKING,10,""ID"":10,""ENVIO_ID"":10,""MENSAJERO_ID"":10,""ESTADO"":""CANCELADO"",""DESCRIPCION"":""Envío cancelado por solicitud"",""LATITUD"":11.585,""LONGITUD"":-72.935,""FECHA_EVENTO"":""2026-08-10 16:00:00"",""IS_ACTIVE"":""ACTIVE""
EVENTOS_TRACKING,11,""ID"":11,""ENVIO_ID"":11,""MENSAJERO_ID"":11,""ESTADO"":""ENTREGADO"",""DESCRIPCION"":""Entrega confirmada"",""LATITUD"":11.59,""LONGITUD"":-72.94,""FECHA_EVENTO"":""2026-08-12 12:30:00"",""IS_ACTIVE"":""ACTIVE""
EVENTOS_TRACKING,12,""ID"":12,""ENVIO_ID"":12,""MENSAJERO_ID"":12,""ESTADO"":""CON_NOVEDAD"",""DESCRIPCION"":""Novedad reportada durante entrega"",""LATITUD"":11.595,""LONGITUD"":-72.945,""FECHA_EVENTO"":""2026-08-13 13:00:00"",""IS_ACTIVE"":""ACTIVE""
EVENTOS_TRACKING,13,""ID"":13,""ENVIO_ID"":13,""MENSAJERO_ID"":13,""ESTADO"":""ENTREGADO"",""DESCRIPCION"":""Entrega confirmada"",""LATITUD"":11.6,""LONGITUD"":-72.95,""FECHA_EVENTO"":""2026-08-14 11:00:00"",""IS_ACTIVE"":""ACTIVE""
EVENTOS_TRACKING,14,""ID"":14,""ENVIO_ID"":14,""MENSAJERO_ID"":14,""ESTADO"":""EN_ENTREGA"",""DESCRIPCION"":""Envío en proceso de entrega"",""LATITUD"":11.605,""LONGITUD"":-72.955,""FECHA_EVENTO"":""2026-08-15 11:00:00"",""IS_ACTIVE"":""ACTIVE""
EVENTOS_TRACKING,15,""ID"":15,""ENVIO_ID"":15,""MENSAJERO_ID"":15,""ESTADO"":""ASIGNADO"",""DESCRIPCION"":""Envío asignado"",""LATITUD"":11.61,""LONGITUD"":-72.96,""FECHA_EVENTO"":""2026-08-15 14:00:00"",""IS_ACTIVE"":""ACTIVE""
EVENTOS_TRACKING,16,""ID"":16,""ENVIO_ID"":16,""MENSAJERO_ID"":16,""ESTADO"":""EN_TRANSITO"",""DESCRIPCION"":""Envío en tránsito"",""LATITUD"":11.615,""LONGITUD"":-72.965,""FECHA_EVENTO"":""2026-08-17 12:00:00"",""IS_ACTIVE"":""ACTIVE""
EVENTOS_TRACKING,17,""ID"":17,""ENVIO_ID"":17,""MENSAJERO_ID"":17,""ESTADO"":""ENTREGADO"",""DESCRIPCION"":""Entrega confirmada"",""LATITUD"":11.62,""LONGITUD"":-72.97,""FECHA_EVENTO"":""2026-08-18 14:20:00"",""IS_ACTIVE"":""ACTIVE""
EVENTOS_TRACKING,18,""ID"":18,""ENVIO_ID"":18,""MENSAJERO_ID"":18,""ESTADO"":""CREADO"",""DESCRIPCION"":""Envío creado"",""LATITUD"":11.625,""LONGITUD"":-72.975,""FECHA_EVENTO"":""2026-08-18 10:00:00"",""IS_ACTIVE"":""ACTIVE""
EVENTOS_TRACKING,19,""ID"":19,""ENVIO_ID"":19,""MENSAJERO_ID"":19,""ESTADO"":""EN_TRANSITO"",""DESCRIPCION"":""Envío en tránsito"",""LATITUD"":11.63,""LONGITUD"":-72.98,""FECHA_EVENTO"":""2026-08-20 12:00:00"",""IS_ACTIVE"":""ACTIVE""
EVENTOS_TRACKING,20,""ID"":20,""ENVIO_ID"":20,""MENSAJERO_ID"":2,""ESTADO"":""ENTREGADO"",""DESCRIPCION"":""Entrega urgente realizada"",""LATITUD"":11.635,""LONGITUD"":-72.985,""FECHA_EVENTO"":""2026-08-21 10:30:00"",""IS_ACTIVE"":""ACTIVE""
FACTURAS,1,""ID"":1,""EMPRESA_ID"":1,""ENVIO_ID"":1,""NUMERO_FACTURA"":""FAC-2026-001"",""SUBTOTAL"":10000,""IMPUESTO"":1900,""TOTAL"":11900,""ESTADO"":""PAGADA"",""FECHA_EMISION"":""2026-08-01 09:00:00"",""FECHA_VENCIMIENTO"":""2026-08-31 23:59:59"",""IS_ACTIVE"":""ACTIVE""
FACTURAS,2,""ID"":2,""EMPRESA_ID"":1,""ENVIO_ID"":2,""NUMERO_FACTURA"":""FAC-2026-002"",""SUBTOTAL"":15000,""IMPUESTO"":2850,""TOTAL"":17850,""ESTADO"":""PAGADA"",""FECHA_EMISION"":""2026-08-02 09:00:00"",""FECHA_VENCIMIENTO"":""2026-09-01 23:59:59"",""IS_ACTIVE"":""ACTIVE""
FACTURAS,3,""ID"":3,""EMPRESA_ID"":2,""ENVIO_ID"":3,""NUMERO_FACTURA"":""FAC-2026-003"",""SUBTOTAL"":20000,""IMPUESTO"":3800,""TOTAL"":23800,""ESTADO"":""EMITIDA"",""FECHA_EMISION"":""2026-08-03 09:00:00"",""FECHA_VENCIMIENTO"":""2026-09-02 23:59:59"",""IS_ACTIVE"":""ACTIVE""
FACTURAS,4,""ID"":4,""EMPRESA_ID"":2,""ENVIO_ID"":4,""NUMERO_FACTURA"":""FAC-2026-004"",""SUBTOTAL"":25000,""IMPUESTO"":4750,""TOTAL"":29750,""ESTADO"":""PENDIENTE"",""FECHA_EMISION"":""2026-08-04 09:00:00"",""FECHA_VENCIMIENTO"":""2026-09-03 23:59:59"",""IS_ACTIVE"":""ACTIVE""
FACTURAS,5,""ID"":5,""EMPRESA_ID"":3,""ENVIO_ID"":5,""NUMERO_FACTURA"":""FAC-2026-005"",""SUBTOTAL"":30000,""IMPUESTO"":5700,""TOTAL"":35700,""ESTADO"":""PAGADA"",""FECHA_EMISION"":""2026-08-05 09:00:00"",""FECHA_VENCIMIENTO"":""2026-09-04 23:59:59"",""IS_ACTIVE"":""ACTIVE""
FACTURAS,6,""ID"":6,""EMPRESA_ID"":4,""ENVIO_ID"":6,""NUMERO_FACTURA"":""FAC-2026-006"",""SUBTOTAL"":18000,""IMPUESTO"":3420,""TOTAL"":21420,""ESTADO"":""EMITIDA"",""FECHA_EMISION"":""2026-08-06 09:00:00"",""FECHA_VENCIMIENTO"":""2026-09-05 23:59:59"",""IS_ACTIVE"":""ACTIVE""
FACTURAS,7,""ID"":7,""EMPRESA_ID"":5,""ENVIO_ID"":7,""NUMERO_FACTURA"":""FAC-2026-007"",""SUBTOTAL"":12000,""IMPUESTO"":2280,""TOTAL"":14280,""ESTADO"":""PAGADA"",""FECHA_EMISION"":""2026-08-07 09:00:00"",""FECHA_VENCIMIENTO"":""2026-09-06 23:59:59"",""IS_ACTIVE"":""ACTIVE""
FACTURAS,8,""ID"":8,""EMPRESA_ID"":6,""ENVIO_ID"":8,""NUMERO_FACTURA"":""FAC-2026-008"",""SUBTOTAL"":22000,""IMPUESTO"":4180,""TOTAL"":26180,""ESTADO"":""PENDIENTE"",""FECHA_EMISION"":""2026-08-08 09:00:00"",""FECHA_VENCIMIENTO"":""2026-09-07 23:59:59"",""IS_ACTIVE"":""ACTIVE""
FACTURAS,9,""ID"":9,""EMPRESA_ID"":7,""ENVIO_ID"":9,""NUMERO_FACTURA"":""FAC-2026-009"",""SUBTOTAL"":21000,""IMPUESTO"":3990,""TOTAL"":24990,""ESTADO"":""PAGADA"",""FECHA_EMISION"":""2026-08-09 09:00:00"",""FECHA_VENCIMIENTO"":""2026-09-08 23:59:59"",""IS_ACTIVE"":""ACTIVE""
FACTURAS,10,""ID"":10,""EMPRESA_ID"":8,""ENVIO_ID"":10,""NUMERO_FACTURA"":""FAC-2026-010"",""SUBTOTAL"":11000,""IMPUESTO"":2090,""TOTAL"":13090,""ESTADO"":""ANULADA"",""FECHA_EMISION"":""2026-08-10 09:00:00"",""FECHA_VENCIMIENTO"":""2026-09-09 23:59:59"",""IS_ACTIVE"":""ACTIVE""
FACTURAS,11,""ID"":11,""EMPRESA_ID"":9,""ENVIO_ID"":11,""NUMERO_FACTURA"":""FAC-2026-011"",""SUBTOTAL"":27000,""IMPUESTO"":5130,""TOTAL"":32130,""ESTADO"":""PAGADA"",""FECHA_EMISION"":""2026-08-11 09:00:00"",""FECHA_VENCIMIENTO"":""2026-09-10 23:59:59"",""IS_ACTIVE"":""ACTIVE""
FACTURAS,12,""ID"":12,""EMPRESA_ID"":10,""ENVIO_ID"":12,""NUMERO_FACTURA"":""FAC-2026-012"",""SUBTOTAL"":28000,""IMPUESTO"":5320,""TOTAL"":33320,""ESTADO"":""VENCIDA"",""FECHA_EMISION"":""2026-08-12 09:00:00"",""FECHA_VENCIMIENTO"":""2026-08-20 23:59:59"",""IS_ACTIVE"":""ACTIVE""
FACTURAS,13,""ID"":13,""EMPRESA_ID"":11,""ENVIO_ID"":13,""NUMERO_FACTURA"":""FAC-2026-013"",""SUBTOTAL"":32000,""IMPUESTO"":6080,""TOTAL"":38080,""ESTADO"":""PAGADA"",""FECHA_EMISION"":""2026-08-13 09:00:00"",""FECHA_VENCIMIENTO"":""2026-09-12 23:59:59"",""IS_ACTIVE"":""ACTIVE""
FACTURAS,14,""ID"":14,""EMPRESA_ID"":12,""ENVIO_ID"":14,""NUMERO_FACTURA"":""FAC-2026-014"",""SUBTOTAL"":30000,""IMPUESTO"":5700,""TOTAL"":35700,""ESTADO"":""EMITIDA"",""FECHA_EMISION"":""2026-08-14 09:00:00"",""FECHA_VENCIMIENTO"":""2026-09-13 23:59:59"",""IS_ACTIVE"":""ACTIVE""
FACTURAS,15,""ID"":15,""EMPRESA_ID"":13,""ENVIO_ID"":15,""NUMERO_FACTURA"":""FAC-2026-015"",""SUBTOTAL"":35000,""IMPUESTO"":6650,""TOTAL"":41650,""ESTADO"":""PENDIENTE"",""FECHA_EMISION"":""2026-08-15 09:00:00"",""FECHA_VENCIMIENTO"":""2026-09-14 23:59:59"",""IS_ACTIVE"":""ACTIVE""
FACTURAS,16,""ID"":16,""EMPRESA_ID"":14,""ENVIO_ID"":16,""NUMERO_FACTURA"":""FAC-2026-016"",""SUBTOTAL"":24000,""IMPUESTO"":4560,""TOTAL"":28560,""ESTADO"":""PAGADA"",""FECHA_EMISION"":""2026-08-16 09:00:00"",""FECHA_VENCIMIENTO"":""2026-09-15 23:59:59"",""IS_ACTIVE"":""ACTIVE""
FACTURAS,17,""ID"":17,""EMPRESA_ID"":15,""ENVIO_ID"":17,""NUMERO_FACTURA"":""FAC-2026-017"",""SUBTOTAL"":26000,""IMPUESTO"":4940,""TOTAL"":30940,""ESTADO"":""PAGADA"",""FECHA_EMISION"":""2026-08-17 09:00:00"",""FECHA_VENCIMIENTO"":""2026-09-16 23:59:59"",""IS_ACTIVE"":""ACTIVE""
FACTURAS,18,""ID"":18,""EMPRESA_ID"":16,""ENVIO_ID"":18,""NUMERO_FACTURA"":""FAC-2026-018"",""SUBTOTAL"":40000,""IMPUESTO"":7600,""TOTAL"":47600,""ESTADO"":""PENDIENTE"",""FECHA_EMISION"":""2026-08-18 09:00:00"",""FECHA_VENCIMIENTO"":""2026-09-17 23:59:59"",""IS_ACTIVE"":""ACTIVE""
FACTURAS,19,""ID"":19,""EMPRESA_ID"":17,""ENVIO_ID"":19,""NUMERO_FACTURA"":""FAC-2026-019"",""SUBTOTAL"":45000,""IMPUESTO"":8550,""TOTAL"":53550,""ESTADO"":""EMITIDA"",""FECHA_EMISION"":""2026-08-19 09:00:00"",""FECHA_VENCIMIENTO"":""2026-09-18 23:59:59"",""IS_ACTIVE"":""ACTIVE""
FACTURAS,20,""ID"":20,""EMPRESA_ID"":1,""ENVIO_ID"":20,""NUMERO_FACTURA"":""FAC-2026-020"",""SUBTOTAL"":35000,""IMPUESTO"":6650,""TOTAL"":41650,""ESTADO"":""PAGADA"",""FECHA_EMISION"":""2026-08-20 09:00:00"",""FECHA_VENCIMIENTO"":""2026-09-19 23:59:59"",""IS_ACTIVE"":""ACTIVE""
PRUEBAS_ENTREGA,1,""ID"":1,""ENVIO_ID"":1,""TIPO_PRUEBA"":""FIRMA"",""REFERENCIA_ARCHIVO"":""firma_001.jpg"",""OBSERVACION"":""Entrega recibida correctamente"",""NOMBRE_RECEPTOR"":""Carlos Pérez"",""DOCUMENTO_RECEPTOR"":""100100001"",""FECHA_PRUEBA"":""2026-08-02 14:00:00"",""IS_ACTIVE"":""ACTIVE""
PRUEBAS_ENTREGA,2,""ID"":2,""ENVIO_ID"":2,""TIPO_PRUEBA"":""FOTO"",""REFERENCIA_ARCHIVO"":""foto_002.jpg"",""OBSERVACION"":""Paquete entregado"",""NOMBRE_RECEPTOR"":""Laura Gómez"",""DOCUMENTO_RECEPTOR"":""100100002"",""FECHA_PRUEBA"":""2026-08-03 16:00:00"",""IS_ACTIVE"":""ACTIVE""
PRUEBAS_ENTREGA,3,""ID"":3,""ENVIO_ID"":3,""TIPO_PRUEBA"":""DOCUMENTO"",""REFERENCIA_ARCHIVO"":""doc_003.pdf"",""OBSERVACION"":""Documento recibido"",""NOMBRE_RECEPTOR"":""Andrés Pérez"",""DOCUMENTO_RECEPTOR"":""100100003"",""FECHA_PRUEBA"":""2026-08-04 12:00:00"",""IS_ACTIVE"":""ACTIVE""
PRUEBAS_ENTREGA,4,""ID"":4,""ENVIO_ID"":4,""TIPO_PRUEBA"":""FIRMA"",""REFERENCIA_ARCHIVO"":""firma_004.jpg"",""OBSERVACION"":""Entrega pendiente de confirmación"",""NOMBRE_RECEPTOR"":""María López"",""DOCUMENTO_RECEPTOR"":""100100004"",""FECHA_PRUEBA"":""2026-08-05 13:00:00"",""IS_ACTIVE"":""ACTIVE""
PRUEBAS_ENTREGA,5,""ID"":5,""ENVIO_ID"":5,""TIPO_PRUEBA"":""FOTO"",""REFERENCIA_ARCHIVO"":""foto_005.jpg"",""OBSERVACION"":""Paquete registrado"",""NOMBRE_RECEPTOR"":""Jorge Díaz"",""DOCUMENTO_RECEPTOR"":""100100005"",""FECHA_PRUEBA"":""2026-08-05 15:00:00"",""IS_ACTIVE"":""ACTIVE""
PRUEBAS_ENTREGA,6,""ID"":6,""ENVIO_ID"":6,""TIPO_PRUEBA"":""DOCUMENTO"",""REFERENCIA_ARCHIVO"":""doc_006.pdf"",""OBSERVACION"":""Recogida registrada"",""NOMBRE_RECEPTOR"":""Ana Martínez"",""DOCUMENTO_RECEPTOR"":""100100006"",""FECHA_PRUEBA"":""2026-08-06 10:00:00"",""IS_ACTIVE"":""ACTIVE""
PRUEBAS_ENTREGA,7,""ID"":7,""ENVIO_ID"":7,""TIPO_PRUEBA"":""FIRMA"",""REFERENCIA_ARCHIVO"":""firma_007.jpg"",""OBSERVACION"":""Entrega confirmada"",""NOMBRE_RECEPTOR"":""Pedro López"",""DOCUMENTO_RECEPTOR"":""100100007"",""FECHA_PRUEBA"":""2026-08-08 13:00:00"",""IS_ACTIVE"":""ACTIVE""
PRUEBAS_ENTREGA,8,""ID"":8,""ENVIO_ID"":8,""TIPO_PRUEBA"":""FOTO"",""REFERENCIA_ARCHIVO"":""foto_008.jpg"",""OBSERVACION"":""Paquete en tránsito"",""NOMBRE_RECEPTOR"":""Sofía Torres"",""DOCUMENTO_RECEPTOR"":""100100008"",""FECHA_PRUEBA"":""2026-08-09 11:00:00"",""IS_ACTIVE"":""ACTIVE""
PRUEBAS_ENTREGA,9,""ID"":9,""ENVIO_ID"":9,""TIPO_PRUEBA"":""FIRMA"",""REFERENCIA_ARCHIVO"":""firma_009.jpg"",""OBSERVACION"":""Entrega confirmada"",""NOMBRE_RECEPTOR"":""Daniel Castro"",""DOCUMENTO_RECEPTOR"":""100100009"",""FECHA_PRUEBA"":""2026-08-10 15:00:00"",""IS_ACTIVE"":""ACTIVE""
PRUEBAS_ENTREGA,10,""ID"":10,""ENVIO_ID"":10,""TIPO_PRUEBA"":""OTRA"",""REFERENCIA_ARCHIVO"":""registro_010.txt"",""OBSERVACION"":""Envío cancelado"",""NOMBRE_RECEPTOR"":""Camila Rojas"",""DOCUMENTO_RECEPTOR"":""100100010"",""FECHA_PRUEBA"":""2026-08-10 16:00:00"",""IS_ACTIVE"":""ACTIVE""
PRUEBAS_ENTREGA,11,""ID"":11,""ENVIO_ID"":11,""TIPO_PRUEBA"":""FIRMA"",""REFERENCIA_ARCHIVO"":""firma_011.jpg"",""OBSERVACION"":""Entrega confirmada"",""NOMBRE_RECEPTOR"":""Felipe Vargas"",""DOCUMENTO_RECEPTOR"":""100100011"",""FECHA_PRUEBA"":""2026-08-12 12:30:00"",""IS_ACTIVE"":""ACTIVE""
PRUEBAS_ENTREGA,12,""ID"":12,""ENVIO_ID"":12,""TIPO_PRUEBA"":""FOTO"",""REFERENCIA_ARCHIVO"":""foto_012.jpg"",""OBSERVACION"":""Novedad reportada"",""NOMBRE_RECEPTOR"":""Valentina Ruiz"",""DOCUMENTO_RECEPTOR"":""100100012"",""FECHA_PRUEBA"":""2026-08-13 13:00:00"",""IS_ACTIVE"":""ACTIVE""
PRUEBAS_ENTREGA,13,""ID"":13,""ENVIO_ID"":13,""TIPO_PRUEBA"":""FIRMA"",""REFERENCIA_ARCHIVO"":""firma_013.jpg"",""OBSERVACION"":""Entrega confirmada"",""NOMBRE_RECEPTOR"":""Miguel Herrera"",""DOCUMENTO_RECEPTOR"":""100100013"",""FECHA_PRUEBA"":""2026-08-14 11:00:00"",""IS_ACTIVE"":""ACTIVE""
PRUEBAS_ENTREGA,14,""ID"":14,""ENVIO_ID"":14,""TIPO_PRUEBA"":""CODIGO"",""REFERENCIA_ARCHIVO"":""codigo_014.txt"",""OBSERVACION"":""Código de entrega registrado"",""NOMBRE_RECEPTOR"":""Natalia Silva"",""DOCUMENTO_RECEPTOR"":""100100014"",""FECHA_PRUEBA"":""2026-08-15 11:00:00"",""IS_ACTIVE"":""ACTIVE""
PRUEBAS_ENTREGA,15,""ID"":15,""ENVIO_ID"":15,""TIPO_PRUEBA"":""FOTO"",""REFERENCIA_ARCHIVO"":""foto_015.jpg"",""OBSERVACION"":""Paquete preparado"",""NOMBRE_RECEPTOR"":""Ricardo Moreno"",""DOCUMENTO_RECEPTOR"":""100100015"",""FECHA_PRUEBA"":""2026-08-15 14:00:00"",""IS_ACTIVE"":""ACTIVE""
PRUEBAS_ENTREGA,16,""ID"":16,""ENVIO_ID"":16,""TIPO_PRUEBA"":""DOCUMENTO"",""REFERENCIA_ARCHIVO"":""doc_016.pdf"",""OBSERVACION"":""Envío en tránsito"",""NOMBRE_RECEPTOR"":""Paola Jiménez"",""DOCUMENTO_RECEPTOR"":""100100016"",""FECHA_PRUEBA"":""2026-08-17 12:00:00"",""IS_ACTIVE"":""ACTIVE""
PRUEBAS_ENTREGA,17,""ID"":17,""ENVIO_ID"":17,""TIPO_PRUEBA"":""FIRMA"",""REFERENCIA_ARCHIVO"":""firma_017.jpg"",""OBSERVACION"":""Entrega confirmada"",""NOMBRE_RECEPTOR"":""Sebastián Peña"",""DOCUMENTO_RECEPTOR"":""100100017"",""FECHA_PRUEBA"":""2026-08-18 14:20:00"",""IS_ACTIVE"":""ACTIVE""
PRUEBAS_ENTREGA,18,""ID"":18,""ENVIO_ID"":18,""TIPO_PRUEBA"":""OTRA"",""REFERENCIA_ARCHIVO"":""registro_018.txt"",""OBSERVACION"":""Envío creado"",""NOMBRE_RECEPTOR"":""Diana Acosta"",""DOCUMENTO_RECEPTOR"":""100100018"",""FECHA_PRUEBA"":""2026-08-18 10:00:00"",""IS_ACTIVE"":""ACTIVE""
PRUEBAS_ENTREGA,19,""ID"":19,""ENVIO_ID"":19,""TIPO_PRUEBA"":""FOTO"",""REFERENCIA_ARCHIVO"":""foto_019.jpg"",""OBSERVACION"":""Paquete en tránsito"",""NOMBRE_RECEPTOR"":""Luis Navarro"",""DOCUMENTO_RECEPTOR"":""100100019"",""FECHA_PRUEBA"":""2026-08-20 12:00:00"",""IS_ACTIVE"":""ACTIVE""
PRUEBAS_ENTREGA,20,""ID"":20,""ENVIO_ID"":20,""TIPO_PRUEBA"":""CODIGO"",""REFERENCIA_ARCHIVO"":""codigo_020.txt"",""OBSERVACION"":""Entrega urgente confirmada"",""NOMBRE_RECEPTOR"":""Carlos Pérez"",""DOCUMENTO_RECEPTOR"":""100100020"",""FECHA_PRUEBA"":""2026-08-21 10:30:00"",""IS_ACTIVE"":""ACTIVE""
REFRESH_TOKENS,1,""ID"":1,""USER_ID"":1,""TOKEN"":""TOKEN-001-ENLACE-EXPRESS"",""EXPIRES_AT"":""2026-12-31 23:59:59"",""REVOKED_AT"":null
REFRESH_TOKENS,2,""ID"":2,""USER_ID"":2,""TOKEN"":""TOKEN-002-ENLACE-EXPRESS"",""EXPIRES_AT"":""2026-12-31 23:59:59"",""REVOKED_AT"":null
REFRESH_TOKENS,3,""ID"":3,""USER_ID"":3,""TOKEN"":""TOKEN-003-ENLACE-EXPRESS"",""EXPIRES_AT"":""2026-12-31 23:59:59"",""REVOKED_AT"":null
REFRESH_TOKENS,4,""ID"":4,""USER_ID"":4,""TOKEN"":""TOKEN-004-ENLACE-EXPRESS"",""EXPIRES_AT"":""2026-12-31 23:59:59"",""REVOKED_AT"":null
REFRESH_TOKENS,5,""ID"":5,""USER_ID"":5,""TOKEN"":""TOKEN-005-ENLACE-EXPRESS"",""EXPIRES_AT"":""2026-12-31 23:59:59"",""REVOKED_AT"":null
REFRESH_TOKENS,6,""ID"":6,""USER_ID"":6,""TOKEN"":""TOKEN-006-ENLACE-EXPRESS"",""EXPIRES_AT"":""2026-12-31 23:59:59"",""REVOKED_AT"":null
REFRESH_TOKENS,7,""ID"":7,""USER_ID"":7,""TOKEN"":""TOKEN-007-ENLACE-EXPRESS"",""EXPIRES_AT"":""2026-12-31 23:59:59"",""REVOKED_AT"":null
REFRESH_TOKENS,8,""ID"":8,""USER_ID"":8,""TOKEN"":""TOKEN-008-ENLACE-EXPRESS"",""EXPIRES_AT"":""2026-12-31 23:59:59"",""REVOKED_AT"":null
REFRESH_TOKENS,9,""ID"":9,""USER_ID"":9,""TOKEN"":""TOKEN-009-ENLACE-EXPRESS"",""EXPIRES_AT"":""2026-12-31 23:59:59"",""REVOKED_AT"":null
REFRESH_TOKENS,10,""ID"":10,""USER_ID"":10,""TOKEN"":""TOKEN-010-ENLACE-EXPRESS"",""EXPIRES_AT"":""2026-12-31 23:59:59"",""REVOKED_AT"":null
AUDITORIA,1,""ID"":1,""TABLA_AFECTADA"":""USERS"",""REGISTRO_ID"":1,""ACCION"":""INSERT"",""DESCRIPCION"":""Creación del usuario administrador"",""FECHA_EVENTO"":""2026-08-01 08:00:00""
AUDITORIA,2,""ID"":2,""TABLA_AFECTADA"":""EMPRESAS"",""REGISTRO_ID"":1,""ACCION"":""INSERT"",""DESCRIPCION"":""Registro de empresa Comercial Caribe"",""FECHA_EVENTO"":""2026-08-01 08:10:00""
AUDITORIA,3,""ID"":3,""TABLA_AFECTADA"":""EMPRESAS"",""REGISTRO_ID"":2,""ACCION"":""INSERT"",""DESCRIPCION"":""Registro de empresa Distribuciones del Norte"",""FECHA_EVENTO"":""2026-08-01 08:15:00""
AUDITORIA,4,""ID"":4,""TABLA_AFECTADA"":""ENVIOS"",""REGISTRO_ID"":1,""ACCION"":""INSERT"",""DESCRIPCION"":""Creación del envío EX-2026-001"",""FECHA_EVENTO"":""2026-08-01 09:00:00""
AUDITORIA,5,""ID"":5,""TABLA_AFECTADA"":""ENVIOS"",""REGISTRO_ID"":2,""ACCION"":""INSERT"",""DESCRIPCION"":""Creación del envío EX-2026-002"",""FECHA_EVENTO"":""2026-08-02 09:00:00""
AUDITORIA,6,""ID"":6,""TABLA_AFECTADA"":""ENVIOS"",""REGISTRO_ID"":3,""ACCION"":""UPDATE"",""DESCRIPCION"":""Actualización del estado del envío"",""FECHA_EVENTO"":""2026-08-04 12:00:00""
AUDITORIA,7,""ID"":7,""TABLA_AFECTADA"":""ENVIOS"",""REGISTRO_ID"":4,""ACCION"":""UPDATE"",""DESCRIPCION"":""Actualización del estado del envío"",""FECHA_EVENTO"":""2026-08-05 13:00:00""
AUDITORIA,8,""ID"":8,""TABLA_AFECTADA"":""PAQUETES"",""REGISTRO_ID"":1,""ACCION"":""INSERT"",""DESCRIPCION"":""Registro del paquete PK-2026-001"",""FECHA_EVENTO"":""2026-08-01 09:05:00""
AUDITORIA,9,""ID"":9,""TABLA_AFECTADA"":""FACTURAS"",""REGISTRO_ID"":1,""ACCION"":""INSERT"",""DESCRIPCION"":""Generación de factura FAC-2026-001"",""FECHA_EVENTO"":""2026-08-01 09:10:00""
AUDITORIA,10,""ID"":10,""TABLA_AFECTADA"":""FACTURAS"",""REGISTRO_ID"":2,""ACCION"":""UPDATE"",""DESCRIPCION"":""Factura marcada como pagada"",""FECHA_EVENTO"":""2026-08-03 17:00:00""
AUDITORIA,11,""ID"":11,""TABLA_AFECTADA"":""EVENTOS_TRACKING"",""REGISTRO_ID"":1,""ACCION"":""INSERT"",""DESCRIPCION"":""Registro de evento de entrega"",""FECHA_EVENTO"":""2026-08-02 14:00:00""
AUDITORIA,12,""ID"":12,""TABLA_AFECTADA"":""PRUEBAS_ENTREGA"",""REGISTRO_ID"":1,""ACCION"":""INSERT"",""DESCRIPCION"":""Registro de prueba de entrega"",""FECHA_EVENTO"":""2026-08-02 14:05:00""
AUDITORIA,13,""ID"":13,""TABLA_AFECTADA"":""ENVIOS"",""REGISTRO_ID"":10,""ACCION"":""UPDATE"",""DESCRIPCION"":""Envío cancelado"",""FECHA_EVENTO"":""2026-08-10 16:00:00""
AUDITORIA,14,""ID"":14,""TABLA_AFECTADA"":""ENVIOS"",""REGISTRO_ID"":12,""ACCION"":""UPDATE"",""DESCRIPCION"":""Novedad registrada en el envío"",""FECHA_EVENTO"":""2026-08-13 13:00:00""
AUDITORIA,15,""ID"":15,""TABLA_AFECTADA"":""USERS"",""REGISTRO_ID"":6,""ACCION"":""UPDATE"",""DESCRIPCION"":""Actualización del usuario mensajero"",""FECHA_EVENTO"":""2026-08-15 08:00:00""
AUDITORIA,16,""ID"":16,""TABLA_AFECTADA"":""RUTAS"",""REGISTRO_ID"":20,""ACCION"":""UPDATE"",""DESCRIPCION"":""Ruta marcada como inactiva"",""FECHA_EVENTO"":""2026-08-16 08:00:00""
AUDITORIA,17,""ID"":17,""TABLA_AFECTADA"":""TARIFAS"",""REGISTRO_ID"":19,""ACCION"":""UPDATE"",""DESCRIPCION"":""Tarifa antigua desactivada"",""FECHA_EVENTO"":""2026-08-17 08:00:00""
AUDITORIA,18,""ID"":18,""TABLA_AFECTADA"":""PAQUETES"",""REGISTRO_ID"":10,""ACCION"":""UPDATE"",""DESCRIPCION"":""Paquete marcado como devuelto"",""FECHA_EVENTO"":""2026-08-18 10:00:00""
AUDITORIA,19,""ID"":19,""TABLA_AFECTADA"":""FACTURAS"",""REGISTRO_ID"":12,""ACCION"":""UPDATE"",""DESCRIPCION"":""Factura marcada como vencida"",""FECHA_EVENTO"":""2026-08-20 09:00:00""
AUDITORIA,20,""ID"":20,""TABLA_AFECTADA"":""ENVIOS"",""REGISTRO_ID"":20,""ACCION"":""UPDATE"",""DESCRIPCION"":""Entrega urgente completada"",""FECHA_EVENTO"":""2026-08-21 10:30:00""